,Products,depths,Solved
0,FC(F)(F)c1ccc(OCc2cccnc2)c(Cl)c1,11.0,False
1,FCCCOc1c(I)cccc1-c1ccccc1,11.0,False
2,CC(C)(C)CC(C)(C)Oc1ccccc1I,11.0,False
923,FC(F)(F)c1ccc(Cl)c(C(F)(F)F)c1,1.0,True
4,FC(F)Oc1cccc(Br)c1OC(F)F,11.0,False
5,FC(F)(F)COc1ccccc1Oc1ccccc1I,11.0,False
6,Clc1ccccc1OCc1cccc2ccccc12,11.0,False
7,CC1CCCN1CCOc1ccccc1Cl,11.0,False
8,FCCCOc1ccccc1I,11.0,False
9,COc1c(I)cccc1C1C(C)CC(=O)C1C,11.0,False
10,Brc1cc(Br)c2ccccc2c1,2.0,True
5910,Clc1ccc(Cl)c(OCc2ccccc2)c1,0.0,True
12,CC(=O)c1cc(Oc2ccccc2I)ccc1F,11.0,False
13,Oc1c(I)cccc1OC(F)F,3.0,True
14,CC(C)Oc1cccc(I)c1C(F)(F)F,11.0,False
15,Nc1ccccc1Br,1.0,True
5244,FC(F)(F)c1cc(Cl)cc(Oc2ccccc2Cl)c1,6.0,True
2944,Fc1cccc(Oc2cccc(Br)c2)c1,0.0,True
18,Fc1cc(F)c(Oc2ccccc2Br)cc1F,11.0,False
1986,COc1cc(F)cc(COc2ccccc2Cl)c1,3.0,True
20,Fc1cc(F)c(C(F)(F)F)cc1Oc1ccccc1Cl,11.0,False
21,CCCCCOc1c(C)cccc1Br,11.0,False
22,Cc1c(I)cc2ccccc2c1F,2.0,True
23,Fc1cc(F)c(COc2ccccc2Br)cc1F,3.0,True
24,Clc1ccccc1CCOc1ccccc1Cl,11.0,False
4314,Cc1cccc(Oc2ccc(C(F)(F)F)cc2Cl)c1C,3.0,True
26,Cc1cccc(C)c1Br,1.0,True
27,Nc1cccc2ccc3cccc(I)c3c(=O)c12,11.0,False
28,Ic1ccccc1COc1ccccc1,11.0,False
1404,Clc1cccc2c1OCCO2,2.0,True
30,FC(F)(F)c1cccc2c(Br)cccc12,11.0,False
32,FC(F)COc1c(Cl)cc(OC(F)F)cc1Br,11.0,False
33,CC(C)(C)c1ccc(O)c(Cl)c1,2.0,True
34,COc1ccc(Oc2ccccc2Br)c(Cl)c1,11.0,False
35,CCCCc1ccccc1Oc1ccccc1Br,11.0,False
1935,Clc1ccccc1Oc1cccc2ccccc12,6.0,True
37,COc1cccc(COc2ccccc2I)c1,11.0,False
38,FCOc1ccccc1I,11.0,False
39,COc1c([O-])cccc1Cl,11.0,False
40,Cc1cccc(Cl)c1COc1ccccc1Cl,11.0,False
41,COc1cccc(Cl)c1OCc1ccc(C(F)(F)F)cc1,3.0,True
42,CC(C)c1cccc(COc2ccccc2Br)c1,11.0,False
43,COc1ccc(-c2ccccc2Br)c(OC)c1OC,11.0,False
44,Clc1ccccc1Oc1cccc(Cl)c1Cl,3.0,True
45,CC(C)c1ccnn1-c1c(Cl)cccc1Cl,11.0,False
46,CCCCOc1c(I)cccc1OCC(F)(F)F,11.0,False
47,CC(C)(C)c1cccc(Cl)c1Oc1c(F)cccc1Br,11.0,False
5678,Clc1ccc(Br)c(Cl)c1,1.0,True
3572,Fc1c(Br)cccc1C(F)F,1.0,True
609,COc1cc(OC(F)(F)F)ccc1Cl,3.0,True
51,Brc1cccc(-c2ccccc2)c1,1.0,True
52,Cc1cccc(Oc2c(Br)cccc2C(F)(F)F)c1C,4.0,True
2109,Oc1c(I)cccc1-c1ccccc1,2.0,True
1926,Oc1cccc2c(Cl)cccc12,1.0,True
55,FC(F)(F)COc1cccc(Cl)c1C(F)(F)F,11.0,False
56,Brc1cccc2cn[nH]c12,11.0,False
57,COc1c(F)cccc1Br,1.0,True
58,COc1c(Br)cccc1Oc1ccccc1,11.0,False
59,Cc1ccc(Oc2ccc(C)c(CCOc3ccccc3Br)c2)cc1Cl,11.0,False
60,Clc1cccc(Oc2cccc(Oc3ccccc3Cl)c2)c1,11.0,False
61,Cc1cccc(CCCOc2ccccc2Br)c1C,11.0,False
62,FC(F)Oc1cccc(Cl)c1OCCC(F)(F)F,11.0,False
63,FC(F)(F)c1cccc(COc2c(Br)cccc2C(F)(F)F)c1,11.0,False
64,CCCC(C)(CC)COc1ccccc1I,11.0,False
65,CCOc1ccc(Br)c(OC(C)C)c1,11.0,False
3488,Fc1cc(Cl)ccc1Cl,2.0,True
68,Cc1cccc(C(F)(F)F)c1CCOc1ccccc1Cl,11.0,False
69,COc1cccc(I)c1OCC1(C)CCCCC1,3.0,True
70,CCCOc1c(O)cccc1Br,11.0,False
71,Cc1cccc(Br)c1Cl,1.0,True
72,COc1cncc(Oc2ccccc2Cl)c1,11.0,False
73,Cc1ccc(F)c(COc2ccccc2Cl)c1,11.0,False
74,COc1ccccc1CCOc1c(C)cccc1Cl,11.0,False
75,Clc1cccc2[nH]ccc12,1.0,True
5277,COc1cc(Cl)cc(Br)c1C(F)(F)F,2.0,True
77,Fc1cccc(C(F)(F)F)c1Oc1ccccc1Cl,11.0,False
78,COc1cccc(Br)c1OCc1cccc(C(F)(F)F)c1,11.0,False
79,Oc1ncccc1I,2.0,True
80,Brc1ccc2cccc(Br)c2c1,1.0,True
81,FC(F)Oc1cc(OC(F)(F)F)ccc1Br,3.0,True
82,Cc1cc(Oc2ccccc2I)c(C)c(C)c1Cl,11.0,False
83,Cc1cccc(C(F)(F)F)c1Oc1ccc(C#N)cc1Cl,11.0,False
84,N#Cc1cccc(Cl)c1F,1.0,True
85,N#Cc1ccc(Cl)c(F)c1,1.0,True
3176,COc1cccc(Oc2ccc(Cl)cc2Cl)c1,5.0,True
87,CCC(COc1ccccc1Cl)Cc1cccc(NC(C)(C)c2ccccc2C(C)(C)C)c1,11.0,False
5712,COc1ccc(F)cc1Br,1.0,True
89,Fc1ncccc1I,2.0,True
4395,COc1cccc(I)c1Br,1.0,True
1320,Clc1ccccc1OCc1ccccc1,1.0,True
92,FC1(F)CC1Oc1ccccc1I,11.0,False
93,COc1ccc(F)c(COc2ccccc2Br)c1,11.0,False
2480,Cc1ccc(F)c(Oc2ccccc2Br)c1,1.0,True
2762,COc1cc(Br)ccc1Cl,1.0,True
96,COc1ccc(Oc2ccccc2Br)c(F)c1,11.0,False
97,CCCOc1ccc(Oc2ccccc2Br)cc1F,11.0,False
98,CCOc1c(C)ccc(I)c1OCC(C)(C)C,11.0,False
351,Nc1ncccc1I,1.0,True
100,Fc1cc(Cl)c2c(Br)cccc2c1,1.0,True
101,Cc1ccccc1CCCOc1ccccc1Br,11.0,False
102,CC(C)(C)CCOc1cc(OCc2ccccc2C(C)(C)C)cc(Oc2ccccc2I)c1,11.0,False
103,CCCCOc1cccc(I)c1Cl,2.0,True
104,Clc1cccc2ccsc12,1.0,True
106,Fc1cccc(CCCCOc2ccccc2Br)c1,11.0,False
4394,CC(C)COc1cccc(Cl)c1Cl,1.0,True
108,Brc1ccccc1CCCOc1ccccc1I,11.0,False
109,CCS(=O)(=O)Oc1ccccc1Br,11.0,False
2380,FC(F)(F)c1ccc(Br)c(Cl)c1,1.0,True
2748,CSc1ccccc1Br,3.0,True
112,FC(F)(F)Oc1c(Cl)cccc1Br,1.0,True
113,FC(F)(F)COc1cccc(Br)c1Cl,11.0,False
115,CCOc1c(Cl)cccc1Cl,11.0,False
116,CC1(COc2c(Cl)cccc2OC(F)(F)F)CCCC1,11.0,False
117,FC(F)COc1ccccc1Cl,11.0,False
3808,CC(C)(C)c1ccccc1I,0.0,True
119,FC(F)(F)c1ccccc1COc1ccccc1I,11.0,False
1613,Fc1c(I)cccc1Oc1ccccc1,1.0,True
5102,COc1ccc(OC(F)(F)F)cc1Cl,1.0,True
122,FC(F)(F)c1cc2c(Br)cccc2cc1Cl,11.0,False
123,CCCCCCCOc1ccccc1I,11.0,False
124,CCOc1cccc(Cl)c1OCC,11.0,False
4863,CCc1c(N)cccc1Cl,2.0,True
4759,O=[N+]([O-])c1cccc(Br)c1C(F)(F)F,2.0,True
127,O=[N+]([O-])c1ccc(O)c(Oc2ccccc2I)c1,11.0,False
1931,COc1cc(C)c(OC)c(Br)c1,2.0,True
129,CC1CCCCN1CCOc1ccccc1Cl,3.0,True
130,OC(F)(F)COc1ccccc1Cl,11.0,False
131,FC(F)(F)COc1ccncc1Cl,11.0,False
132,Cc1[nH]ccc1CCCCOc1ccccc1Cl,11.0,False
133,COc1cc(Oc2ccccc2Cl)ccc1C,11.0,False
1377,Ic1ccccc1OCCc1cccnc1,3.0,True
5862,Clc1cccc(Cl)c1OC1CCCC1,3.0,True
136,Clc1ccc(Oc2cccc(Br)c2Cl)cc1,11.0,False
137,CC(C)n1cc(Br)c(=O)c2ccccc21,11.0,False
1162,O=[N+]([O-])c1ccc(Cl)cc1Br,2.0,True
139,CC(C)Oc1ccc(Cl)cc1Br,1.0,True
394,Clc1ccc2nccc(Cl)c2c1,2.0,True
141,CC(F)(F)c1cccc(F)c1Oc1ccccc1I,11.0,False
142,CCc1cccc(C(F)(F)F)c1Oc1ccccc1Br,11.0,False
143,Fc1ccc(F)c(Oc2cccc(Cl)c2Cl)c1,11.0,False
144,CCCOc1cccc(Oc2ccccc2Br)c1C,11.0,False
1657,Cc1cccc(Oc2ccccc2Br)c1F,1.0,True
146,Fc1ccc(-c2ccc(Oc3ccccc3Br)cc2F)c(C(F)(F)F)c1,11.0,False
147,CCOc1cccc(Br)c1OCC(F)(F)F,11.0,False
148,CC(C)Oc1cccc(I)c1OC(C)C,11.0,False
149,FC(F)(F)COc1cc(Br)ccc1I,11.0,False
150,CCCCCOc1cccc(CCCOc2ccccc2Br)c1,11.0,False
6056,CC(C)(C)COc1cc(Cl)ccc1I,3.0,True
153,CCOc1c(Br)ccc2cc(OC)ccc12,11.0,False
1255,FC(F)(F)Oc1cccc(Cl)c1Br,1.0,True
155,COc1cccc(Br)c1OCc1[nH]ccc1C,11.0,False
156,O=c1ccccn1COc1ccccc1Cl,11.0,False
157,Cc1ccc(Br)c(Oc2ccccc2)c1,11.0,False
158,Ic1ccccc1OCc1cccs1,11.0,False
159,Cc1ccsc1CCOc1ccccc1Cl,11.0,False
160,CCOc1cc(F)c(F)c(Cl)c1,2.0,True
161,Cc1nccn1Cc1ccc(F)c(I)c1,11.0,False
162,FC(F)C(F)(F)Oc1ccccc1Br,11.0,False
163,FC1(F)CC1CCOc1ccccc1Cl,11.0,False
164,Ic1ccnc2ncccc12,11.0,False
1856,Clc1ccc(Oc2c(Cl)cccc2Br)c(Cl)c1,7.0,True
166,Brc1cccc(COc2ccccc2Br)c1,11.0,False
167,Cc1cccc(I)c1F,1.0,True
3538,CCOc1cc(F)ccc1I,4.0,True
169,Fc1cccc(Oc2ccccc2Br)c1F,1.0,True
170,FC(F)(F)COc1ncccc1Cl,11.0,False
171,CCc1cccc(Cl)c1F,2.0,True
4936,FCCOc1c(Br)cccc1C(F)(F)F,3.0,True
173,CCOc1c(Br)ccc(C)c1Cl,2.0,True
174,COc1cc(F)c(I)cc1OCCC1(C)CCCCC1,11.0,False
175,Oc1ccccc1C(c1cnccn1)c1cc(Cl)ccc1Br,11.0,False
3595,COc1cccc(I)c1OCc1ccccc1C,2.0,True
177,Fc1cccc(-c2ccccc2Cl)c1Cl,11.0,False
178,COc1ccccc1Oc1ccc(Cl)cc1Cl,7.0,True
179,Clc1ccc2c(I)nccc2c1,11.0,False
180,Clc1ccc2ccnc(Cl)c2c1,2.0,True
181,FCCCCOc1ccccc1COc1ccccc1Cl,11.0,False
182,CCOc1c(Cl)cccc1Br,2.0,True
183,Clc1cccc(Cl)c1OCC1CCC1,11.0,False
5573,COc1cc(F)ccc1Cl,2.0,True
185,FC(F)(F)c1ccc(Oc2cccnc2)c(Br)c1,11.0,False
186,Clc1ccccc1OCc1cccc2cnccc12,11.0,False
187,CCCOc1ccc(Oc2ccccc2Cl)cc1,11.0,False
188,FC(F)(F)c1ccc(Oc2ccccc2Cl)c(Cl)c1,6.0,True
189,Cc1c(F)cccc1Cl,1.0,True
190,Clc1ccccc1OCC1CCC1,11.0,False
5251,COc1cccc(Oc2ccc(F)c(Br)c2)c1,2.0,True
192,Clc1ccc(Oc2ccccn2)c(Cl)c1,1.0,True
193,CCCCOc1ccc(Oc2ccccc2I)cc1OCCCC,11.0,False
194,Fc1cccc(C(Oc2ccccc2Br)C(F)(F)F)c1,11.0,False
195,COc1cccc(I)c1OCCCCOc1ccccc1,11.0,False
196,Cc1cc(Oc2ccccc2I)ccc1F,11.0,False
197,Cc1c(Br)cccc1NC(=O)c1ccccc1C(C)C,11.0,False
198,Cc1cccc(COc2c(O)cccc2I)c1,11.0,False
199,FC(F)(F)c1ccccc1OCc1ccccc1Br,2.0,True
3831,Clc1c(Br)ccc2ccccc12,0.0,True
666,Nc1cccc(Br)c1C(F)(F)F,1.0,True
203,Cc1ccc(COc2c(N)cccc2I)c(C)c1,11.0,False
1688,Fc1ccc(Br)c(F)c1,1.0,True
205,Oc1cc(F)c(Oc2ccccc2I)cc1F,11.0,False
2852,COc1ccc(Cl)c(OC(F)(F)F)c1,3.0,True
3827,Clc1ccc2c(Cl)cccc2c1,2.0,True
2302,CCOc1cc(C(F)(F)F)c(I)cc1OC,2.0,True
211,Cc1cccc(C(F)(F)F)c1Oc1ccccc1I,11.0,False
212,COc1ccc(I)c(OCCCCc2ccccc2)c1,11.0,False
5258,Cc1cccc(C)c1COc1ccccc1I,4.0,True
215,Clc1ccc(Cc2c(Cl)cccc2Oc2ccccc2I)cc1,11.0,False
216,Nc1cc(I)c(F)c(OCC(F)(F)F)n1,11.0,False
217,COc1c(Cl)cccc1Nc1ccccc1C(F)(F)F,2.0,True
5726,Oc1ccc(Cl)c(OC(F)F)c1,2.0,True
5503,COc1cccc(I)c1N,1.0,True
542,Cc1cc(I)c(F)cc1OC(F)(F)F,2.0,True
221,COc1cccc(Oc2ccccc2Br)c1OC(C)(C)C,11.0,False
223,Fc1ccc(Oc2cccc(Cl)c2F)cc1,11.0,False
224,CCc1cc(OCC(F)(F)F)ccc1Oc1ccccc1Cl,11.0,False
3958,COc1ccc(Oc2ccccc2)cc1Br,9.0,True
226,Fc1ccc(Cl)c(OCC(F)F)c1,11.0,False
227,Oc1ccccc1Oc1ncccc1Cl,4.0,True
229,CCC(Oc1ccccc1Br)C(F)(F)F,11.0,False
230,Fc1cc(F)c(F)c(COc2ccc(Cl)cc2Oc2ccccc2I)c1,11.0,False
232,Cc1csc(C)c1CCCOc1ccccc1Cl,11.0,False
233,N#Cc1ccccc1Oc1ccccc1Cl,11.0,False
234,CCOc1cccc(Cl)c1C(F)(F)F,1.0,True
3926,FC(F)(F)Oc1cc(C(F)(F)F)ccc1Cl,2.0,True
236,NS(=O)(=O)c1ccc(Oc2ccccc2I)cc1,11.0,False
237,COc1cccc(Br)c1NC1CCCCCC1,11.0,False
238,COc1ccc(I)c2c(C)cccc12,11.0,False
239,CCOc1cc2cccc(Cl)c2cc1Oc1ccccc1,11.0,False
240,COc1ccc(C(F)(F)F)c(Br)c1,1.0,True
6042,CCCOc1cccc(Br)c1O,1.0,True
242,Fc1cccc(CCCOc2ccc(F)c(Br)c2)c1,11.0,False
244,Clc1ccc(OCc2cccnc2)c(Cl)c1,11.0,False
245,Oc1ccc2cccc(I)c2c1,1.0,True
246,Cc1cccc(CCOc2ccccc2Br)c1,11.0,False
247,CCOc1cccc(F)c1Cl,1.0,True
248,COc1c(Br)ccc(Br)c1OC,2.0,True
249,CC(C)COc1c(N)cccc1Br,11.0,False
250,CC(C)Oc1ccc(I)c(OC(C)C)c1,11.0,False
2309,CC(C)Oc1ccccc1Oc1ccccc1Br,3.0,True
5962,Oc1cnccc1Br,1.0,True
253,Cc1ccc(Oc2ccccc2Cl)c(C)c1Cl,11.0,False
254,COc1cc(OC)cc(Oc2ccccc2I)c1,11.0,False
255,CCCCOc1cccc(Br)c1OC(C)C,11.0,False
256,Oc1cc(OCc2ccccc2)ccc1Br,11.0,False
2321,CCOc1c(N)cccc1Cl,2.0,True
258,CCCCOc1cccc(Oc2ccccc2Br)c1,11.0,False
1248,Fc1cc2ccccc2cc1Cl,2.0,True
260,Fc1cccc(Oc2ccc(C(F)(F)F)cc2I)c1,11.0,False
261,COc1ccc(CCOc2ccccc2Cl)c(OC)c1,11.0,False
4814,COc1ccc(I)c(O)c1,2.0,True
263,Cn1c(COc2ccccc2Br)cc2ccccc21,11.0,False
265,FC(F)(F)c1ncccc1I,2.0,True
266,Oc1ccccc1Oc1cc(F)c(Cl)cc1Br,2.0,True
267,Clc1ccccc1OCc1ccoc1,11.0,False
268,FC(F)Oc1cc(Cl)ccc1I,5.0,True
2964,O=C(c1ccccc1)c1ccccc1Br,2.0,True
271,FCCCOc1c(Cl)ccc2ccccc12,11.0,False
272,CCOc1ccc(OCC)c(I)c1,11.0,False
4483,Oc1cc(C(F)(F)F)ccc1Br,1.0,True
274,Brc1ncccc1I,2.0,True
275,CC1(C)Cc2c(Cl)cccc2O1,11.0,False
276,FC(F)(F)c1cccc(COc2ccccc2I)c1Cl,11.0,False
277,COc1ccc(COc2ccccc2I)cc1OC,11.0,False
278,CCCC(Oc1ccccc1Cl)c1ccccc1,11.0,False
279,FC(F)(F)Oc1cccc(OCCCc2ccccc2I)c1,11.0,False
280,Clc1cccc2cccc(-c3cccnc3)c12,2.0,True
281,Ic1ccccc1OC(c1ccccc1)c1ccccc1,11.0,False
282,Cc1cc(C)c(Oc2ccccc2Cl)c(C)c1,11.0,False
283,COc1ccc(Br)c(OCCC(C)(C)C)c1OC,11.0,False
284,Clc1cc(Cl)c(COc2cccnc2)cc1Cl,11.0,False
285,Clc1ccc(Oc2ccccc2Br)cc1,11.0,False
286,Cc1cccc(COc2ccccc2Cl)c1C,11.0,False
288,Fc1cccc(Oc2ccccc2Cl)c1Cl,3.0,True
2461,Cc1cc(C#N)ccc1I,1.0,True
290,CCCCOc1ccccc1-c1ccccc1I,11.0,False
291,Brc1cccc(Br)c1OCc1cccnc1,11.0,False
292,FC(F)(F)c1cc(Cl)c2ccccc2n1,2.0,True
5604,Clc1cc(Cl)c(Br)cc1Cl,1.0,True
294,Brc1ccccc1Oc1cccc(-n2cccc2)c1,11.0,False
4223,CCCOc1ccccc1Nc1ncccc1I,6.0,True
296,FC(F)(F)Oc1cccc(Cl)c1Cl,2.0,True
297,CCCOc1cccc(I)c1C,2.0,True
298,Fc1cc(Oc2ccccc2Br)cc(F)c1F,11.0,False
595,Oc1ccc(Cl)c(O)c1O,1.0,True
4278,COc1ccc(Br)c2ccccc12,2.0,True
301,CCOc1cc(F)c(O)c(I)c1,1.0,True
4591,COc1c(C)ccc(I)c1C,2.0,True
303,CCc1ccc(I)c(OC(F)(F)F)c1,3.0,True
1299,CCOc1c(Cl)ccc(O)c1C,2.0,True
305,CC(=NOC(C)C)c1ccccc1C=COc1ccccc1Cl,11.0,False
306,FC(F)Oc1ccc(Cl)cc1Oc1ncccc1Cl,11.0,False
307,Clc1cc(Cl)cc(COc2ccccc2-c2ccccc2Cl)c1,11.0,False
308,O=c1[nH]nccc1I,1.0,True
309,COc1cccc(Br)c1Oc1c(F)cccc1F,11.0,False
310,COc1ccc(Br)c(F)c1OC,1.0,True
2103,Fc1cc(Oc2ccccc2Br)ccc1C(F)(F)F,2.0,True
312,Fc1ccc(I)c(Oc2ccccc2C(F)(F)F)c1,11.0,False
313,COc1ccc(Cl)c([N+](=O)[O-])c1O,2.0,True
315,FC(F)C(F)(F)Oc1cc(OC(F)(F)F)ccc1I,11.0,False
3383,COc1ccc2c(Br)cccc2c1,2.0,True
1836,Cc1cccc(Br)c1-c1ccccc1,2.0,True
4907,Fc1ccccc1Oc1ccccc1Br,0.0,True
3007,FC(F)(F)c1cccc(Cl)c1Oc1ccccc1Cl,6.0,True
321,CCOc1cccc(Cl)c1OC(F)(F)F,11.0,False
323,CCOc1c(Br)cc(C(C)C)c(F)c1OCC,11.0,False
324,Nc1cccc(Cl)c1O,1.0,True
325,Cc1ccc(I)c(OCc2ccccc2)c1C,11.0,False
326,COc1c(Br)cccc1C(F)(F)F,2.0,True
328,CCCOc1ccccc1Oc1ncccc1I,11.0,False
329,COc1ccccc1COc1c(C)cccc1I,11.0,False
330,COc1cccc(COc2ccccc2I)c1C(F)(F)F,11.0,False
331,CCCCn1cc(CCOc2ccccc2Br)c(C(F)(F)F)c1,11.0,False
332,COc1ccc(Br)c(OCCc2c(C)cccc2C)c1,11.0,False
333,COc1cc(Br)ccc1Oc1ccccc1Cl,4.0,True
1149,Fc1ccc(Oc2ccccc2Cl)cc1F,1.0,True
3330,COc1cccc(Oc2ccccc2Cl)c1OC,6.0,True
2505,FCCOc1ccc(Cl)c(OCC(F)(F)F)c1,3.0,True
337,CCC(Oc1c(Br)cccc1C(F)(F)F)C(F)(F)F,11.0,False
338,FC(F)(F)Oc1ccc(Oc2ccccc2I)cc1,2.0,True
339,CC(C)(C)c1ncccc1Br,2.0,True
340,CCOc1ccccc1COc1ccccc1Br,11.0,False
341,FC(F)(F)c1c(Br)cccc1Br,1.0,True
345,CCCCOc1ccccc1COc1ccccc1I,11.0,False
346,CN(CCOc1ccccc1Br)c1ccccc1,11.0,False
378,Fc1ccc(F)c(Oc2ccccc2Br)c1,1.0,True
348,CCCOc1ccccc1Oc1c(F)cccc1Cl,11.0,False
349,Cc1cscc1COc1ccccc1I,11.0,False
350,FC(F)(F)c1ccc(-c2ccccc2Br)cc1,6.0,True
352,Cc1ccc(Cl)c(C)c1Cl,2.0,True
1415,FC(F)Oc1ccc(I)c(Br)c1,2.0,True
355,Clc1cccc(Oc2ccccc2Oc2ccccc2Br)c1,11.0,False
356,CCCCOc1ccc(O)c(-c2ccccc2Br)c1,11.0,False
357,Oc1c(F)cc(F)cc1Br,1.0,True
358,[O-]c1cccc(I)c1OC(F)F,11.0,False
5340,Clc1ccc(Cl)c(Oc2ccccc2Cl)c1,5.0,True
361,CN(C)CCOc1ccccc1Cl,0.0,True
362,CCCCOc1ccc(Oc2ccccc2Cl)cc1N,11.0,False
363,CCc1c(Cl)cncc1Cl,2.0,True
364,Clc1ccccc1C(Oc1ccccc1Br)c1ccccc1OCc1ccccc1,11.0,False
365,CCCCOc1c(F)cccc1Cl,11.0,False
366,Clc1ccccc1COc1ccccc1Cl,11.0,False
1410,Nc1ccc(Br)c2ccccc12,2.0,True
368,COc1cc(C(F)(F)F)cc(C)c1Oc1ccccc1Oc1ccccc1I,11.0,False
369,CC(C)Oc1c(Cl)ccc2ccccc12,11.0,False
371,Cc1c(Oc2ccccc2Cl)cccc1C(F)(F)F,6.0,True
2640,Fc1ccc(Oc2ccccc2Br)cc1,1.0,True
374,COc1ccc(Cl)c(OC(C)C)c1,11.0,False
375,CCOc1ccc(OCCCCc2ccccc2)c(Br)c1,11.0,False
376,Clc1ccccc1OCc1cc(Cl)c(Cl)c(Cl)c1,11.0,False
3229,Cc1ccc(Oc2cccc(C)c2C)c(Br)c1,3.0,True
379,COc1ccc(-c2cccc(Oc3ccccc3Cl)c2)cc1O,4.0,True
381,COc1cccc(I)c1OCC(F)F,11.0,False
382,CSc1cccc(I)c1OC(F)F,11.0,False
1786,Cc1cc(C)c(C)c(Br)c1,1.0,True
384,Cc1ccc(Br)c(F)c1,2.0,True
385,COc1cccc(I)c1OCCc1ccccc1C(C)(C)C,11.0,False
5669,CC(C)Oc1c(Cl)cccc1Br,1.0,True
1508,Oc1ccc(Cl)c2ccccc12,1.0,True
388,CCOc1c(Cl)cc(Cl)cc1Cl,4.0,True
390,CCOc1cc(O)ccc1Cl,1.0,True
391,CC(C)(C)c1cccc(OCCCCOc2ccccc2Cl)c1,11.0,False
392,N#Cc1cccc(I)c1Cl,1.0,True
393,CCCOc1cccc(I)c1OC,11.0,False
395,Clc1ccccc1OCc1ccc(Oc2ccccc2)cc1,11.0,False
396,CCCCOc1c(Br)cccc1OCc1ccccc1,11.0,False
397,COc1cc(Oc2ccccc2Br)c(F)cc1F,11.0,False
398,COc1ccc(OCCO)cc1Br,11.0,False
399,FC(F)(F)c1cnccc1Oc1ccccc1I,11.0,False
400,CCOc1ccc(Cl)c(OC(F)F)c1,11.0,False
401,Cc1cccc(C#N)c1Oc1ccccc1Br,5.0,True
6181,Fc1cccc(Oc2ccc(F)c(Br)c2)c1,1.0,True
2077,Cc1cccc(Oc2ccccc2Cl)n1,1.0,True
404,Fc1cc(Cl)c2ccccc2c1,2.0,True
405,CCOc1cccc(Cl)c1OCc1ccccc1Cl,11.0,False
406,Cc1c(F)ccc(Oc2ccccc2I)c1C,11.0,False
407,Cc1ccc(Cl)cc1COc1ccccc1I,3.0,True
408,COc1cc(F)ccc1Oc1ccccc1Br,11.0,False
409,COc1ccc2cccc(Br)c2c1,1.0,True
410,CCOc1cc(Cl)c(Cl)c(Br)c1,2.0,True
411,Fc1cccc(Cl)c1Oc1ccccc1I,11.0,False
412,CCc1ccccc1COc1ccccc1Cl,11.0,False
413,Cc1cc(COc2ccccc2I)ccc1Br,11.0,False
414,FC(F)(F)COc1cc(Oc2ccccc2Cl)ccc1Br,11.0,False
415,COc1ccc(COc2ccccc2I)cc1Cl,11.0,False
416,CCCCOc1c(O)cccc1Cl,11.0,False
418,Cc1cccc(COc2ccccc2Cl)c1,11.0,False
419,CC1(CCOc2ccc(OC(F)F)c(Br)c2)CCCCC1,11.0,False
420,CCc1ccccc1-c1ccccc1Br,11.0,False
421,CC(CC(C)(C)C)Oc1ccccc1Br,11.0,False
709,FCCOc1cccc(Cl)c1Cl,2.0,True
423,O=[N+]([O-])c1c(Br)cccc1OC(F)(F)F,3.0,True
424,FC(F)Oc1c(Cl)cccc1Oc1ccccc1Cl,11.0,False
3904,O=[N+]([O-])c1ccc(Cl)c(Cl)c1,2.0,True
426,FC(F)(F)C(F)(F)COc1ccccc1Br,11.0,False
427,COc1ccc(Oc2ccccc2I)c(C)c1,11.0,False
1695,CC(C)Oc1cc(F)ccc1Br,1.0,True
429,Brc1ccccc1CCOc1ccccc1I,11.0,False
430,COc1c(Cl)cccc1OCC1CCCC1,11.0,False
431,CCCc1c(O)cccc1I,11.0,False
5354,COc1c(Cl)ccc(Cl)c1Cl,1.0,True
434,FC(F)Oc1ccc(I)c(OC(F)(F)F)c1,11.0,False
435,COc1ccc(C)c(COc2ccccc2Br)c1,11.0,False
437,CCCOc1ccccc1Oc1ccccc1Br,11.0,False
438,Fc1cc(F)cc(Oc2ccccc2Cl)c1,5.0,True
439,CCOc1ccccc1COc1c(Br)cccc1OC,3.0,True
440,FC(F)(F)c1ccc(COc2ccccc2I)c(Cl)c1,11.0,False
2220,Nc1c(Br)ccc2ccccc12,1.0,True
442,COc1ccc(OC(C)C)cc1Cl,11.0,False
443,FC(F)COc1ccc(Oc2ccccc2Br)cc1,11.0,False
4846,CS(=O)(=O)Oc1ccc(Cc2cnccc2Br)cc1,3.0,True
445,COCC1(COc2ccccc2I)CCCCC1,11.0,False
446,FC(F)Oc1c(I)cccc1C(F)(F)F,2.0,True
447,CC(C)(C)c1cc(Oc2ccccc2I)ccc1F,11.0,False
448,CC1(COc2ccccc2I)CCCc2ccccc21,11.0,False
449,CCCOc1cccc(Oc2ccccc2I)c1,11.0,False
450,CCCCOc1cccc(Cl)c1-c1ccccc1,11.0,False
5873,Fc1ccc(C(F)(F)F)c(Br)c1,1.0,True
452,CC(=O)c1ccccc1Oc1cc(F)ccc1I,11.0,False
453,COc1cc(F)c(COc2ccccc2Br)cc1F,11.0,False
454,Oc1ccccc1COc1ccccc1Br,11.0,False
455,CC(C)(C)Oc1ccccc1Oc1ccccc1Br,11.0,False
456,COc1ccc(Oc2ccccc2I)cc1,11.0,False
1855,COc1c(C)cc(F)cc1I,1.0,True
459,OCC(F)(F)COc1ccccc1I,11.0,False
5491,Cc1ccc(Cl)cc1Br,1.0,True
461,CC(C)Oc1ccccc1COc1ccccc1Br,11.0,False
463,FC(F)(F)c1ccncc1I,11.0,False
464,COc1cc(-c2ccccc2Br)ccc1Oc1ccccc1C,11.0,False
465,COc1cc(OC(F)F)c2cccc(I)c2c1,11.0,False
466,Oc1cccc(Br)c1C(F)(F)F,1.0,True
468,Cn1ccc(COc2ccccc2Br)c1,11.0,False
469,CC(C)(C)CCCCOc1ccccc1Br,11.0,False
470,CCCCN(CCOc1ccccc1I)Cc1ccccc1OC,11.0,False
471,CCOc1ccc2cccc(Br)c2c1,11.0,False
3956,Fc1cccc(Cl)c1F,1.0,True
473,COc1ccccc1Oc1c(Br)cccc1C(F)(F)F,2.0,True
1445,Clc1ccc(Br)cc1Cl,1.0,True
475,Cc1ccc(COc2ccccc2I)cc1,11.0,False
5121,COc1c(Br)ccc(F)c1O,2.0,True
477,FC(F)(F)c1ccc(Oc2ccc(Oc3ccccc3Cl)cc2)c(Cl)c1,11.0,False
1381,COc1c(Br)cc2ccccc2c1C,2.0,True
479,Clc1cccc2sc3ccccc3c12,11.0,False
3764,Clc1cccc2c(Cl)nccc12,0.0,True
481,FC(F)(F)Oc1cccc(Nc2ncccc2Br)c1,5.0,True
3177,Cc1cc(C)c(Oc2ccccc2Cl)c(C)c1C,5.0,True
484,FC(F)COc1cccc2c(I)cccc12,11.0,False
4273,CCCc1ccc(O)cc1Br,3.0,True
486,FC(F)(F)c1ccccc1CCOc1ccccc1Oc1ccccc1I,11.0,False
487,CCCOc1cccc(-c2ccccc2Br)c1,11.0,False
488,Fc1ccnc(Br)c1OCCC1CCCCC1,11.0,False
489,CC(C)Oc1ccc(COc2ccccc2I)cc1,11.0,False
490,CC(C)Oc1c(F)cccc1Br,1.0,True
491,Fc1c(Cl)cc(Cl)cc1Oc1ccccc1Cl,11.0,False
492,Cc1c(Cl)ccc(Oc2ccccc2Br)c1C,11.0,False
493,CCCCOc1cccc(I)c1O,11.0,False
4019,Fc1cc(Oc2ccc(Cl)cc2)ccc1Br,1.0,True
495,Cc1ccc(C)c(CCCOc2ccccc2Br)c1,11.0,False
3248,Fc1c(Cl)ccc(Br)c1F,2.0,True
4102,Cc1ccc(C)c(I)c1,2.0,True
498,COc1cccc(COc2ccccc2Br)c1C(C)C,11.0,False
499,Ic1ccccc1OCCN1CCc2ccccc2C1,11.0,False
3719,Fc1cc(Cl)ccc1Oc1ccccc1Br,1.0,True
501,CC(C)CCOc1ccccc1Br,11.0,False
502,Oc1ccc(Br)c(Cl)c1,1.0,True
503,CCOc1cccc(Br)c1Cl,11.0,False
504,COc1c(C)ccc(COc2ccccc2I)c1C,11.0,False
505,CCc1ccc(F)c(I)c1,1.0,True
4171,Cc1c(Oc2ncccc2Cl)cccc1C(F)(F)F,3.0,True
508,N#Cc1ccc(Oc2ccccc2Br)cc1C(F)(F)F,11.0,False
509,Clc1cccc(COc2ccccc2Br)c1,11.0,False
1291,Fc1cccc(Cl)c1Cl,1.0,True
512,Clc1ccccc1Oc1cccc(Oc2ccccc2)c1,11.0,False
513,Brc1ccccc1Oc1cnccn1,5.0,True
514,COCCOc1cccc(Oc2ccccc2I)c1,11.0,False
515,O=[N+]([O-])c1ccc(Cl)c(Cl)c1OC(F)(F)F,4.0,True
516,CC(=O)NCCCOc1ccccc1I,11.0,False
517,COc1ccc(Oc2ccccc2Br)cc1OC(C)C,11.0,False
518,Cc1ccc(N)n1CCOc1ccccc1Br,11.0,False
519,COc1ccc(Cl)c(OC)c1,1.0,True
520,Clc1ccc(Br)c(OCc2sc(Cl)c3ccccc23)c1,11.0,False
5482,CCC(C)(C)c1ccccc1Br,2.0,True
523,CCCC(=O)c1ccccc1I,11.0,False
2400,Clc1ccccc1OCc1cnccn1,2.0,True
525,NCCCOc1ccccc1Cl,11.0,False
526,Oc1ccc(COc2ccccc2Br)c(O)c1,11.0,False
527,Ic1ccccc1OCC1CCCc2ccccc21,11.0,False
528,COc1ccc(COc2ccccc2Cl)c(C)c1C,11.0,False
529,CCOc1cc2ccccc2c(I)c1C,11.0,False
530,FC(F)COc1c(Br)cccc1C(F)(F)F,11.0,False
531,FC(F)(F)c1ccccc1Oc1cnccc1Br,2.0,True
1378,COc1cccc(I)c1OC1CCCC1,2.0,True
533,FCOc1cc(Br)c(Cl)c(I)c1,11.0,False
534,Cc1ccc(Oc2cccc(Cl)c2OCc2cccc(C)c2)cc1,11.0,False
535,Clc1cccc(CCOc2ccccc2Br)c1Cl,11.0,False
536,COc1cccc(I)c1OC1CCCCC1,4.0,True
537,CC(C)Oc1ccc(Br)c(OC(F)F)c1,11.0,False
538,[O-]c1cccc(Br)c1OC(F)(F)F,11.0,False
540,COc1ccccc1OCCOc1ccccc1Br,11.0,False
541,CC(C)(C)c1cc(Br)ccc1Oc1ccccc1Cl,11.0,False
543,CC(C)(C)c1cccc(I)c1OC(F)F,11.0,False
544,CCCCOc1ccc(OCCC)c(Oc2ccccc2Cl)c1,11.0,False
545,CCOc1ccc(COc2ccccc2)cc1Br,11.0,False
546,Clc1ccccc1Oc1cc2ccccc2cc1Cl,11.0,False
548,COc1ccc(I)c(OCC(F)F)c1N,11.0,False
549,Fc1c(Cl)ccc(Br)c1OC(F)F,2.0,True
550,Fc1ccc(OCc2ccccc2OCC(F)(F)F)c(I)c1,11.0,False
551,COc1cccc(Cl)c1Cl,1.0,True
552,Cc1c(O)cccc1-c1ncccc1Cl,11.0,False
553,Cc1c(Cl)cccc1CCOc1ccccc1Cl,11.0,False
554,CCOc1cc(Br)ccc1Cl,11.0,False
555,O=[N+]([O-])c1ccc(CCOc2ccccc2Br)c(Cl)c1,11.0,False
556,CCOc1ccc(Cl)c(OCc2ccccc2OC)c1,11.0,False
557,FC(F)(F)CCCOc1c(Br)cccc1C(F)(F)F,11.0,False
559,CC1(COc2ccccc2Br)CCCCC1,11.0,False
2002,COc1cc2cccnc2cc1Br,3.0,True
561,CCC(F)(F)COc1ccccc1Br,11.0,False
1620,Cc1c(Cl)ccc(Br)c1-c1ccccc1,1.0,True
4844,CCCCOc1cccc(OCc2ccccc2I)c1,4.0,True
567,COc1c(Cl)cccc1I,2.0,True
568,COc1c(Cl)ccc2c(N)cccc12,11.0,False
569,Clc1cccc(CCCOc2ccccc2Br)c1,11.0,False
571,CC1CCC(C)(C)CC1COc1ccccc1Br,11.0,False
573,Cc1c(Cl)cccc1OC(F)F,1.0,True
574,Nc1ccc(I)c([N+](=O)[O-])c1,1.0,True
576,CCC1(Cc2ccccc2)CC1COc1ccccc1I,11.0,False
577,COc1cccc(I)c1Oc1ccccc1OC(F)F,11.0,False
578,Fc1ccc(Br)c(OC2CCCC2)c1F,2.0,True
3652,Cc1ccc(Oc2ccccc2Cl)cc1F,3.0,True
581,FC(F)(F)c1ccc(Oc2ccccc2C(F)(F)F)c(Cl)c1,2.0,True
582,COCC(C)Oc1ccccc1Cl,11.0,False
583,Ic1ccccc1-c1ccc2sccc2c1,11.0,False
584,COc1ccccc1COc1c(Cl)cccc1[N+](=O)[O-],11.0,False
585,FC(F)C(F)(F)Oc1cccc(-c2ccccc2Cl)c1,11.0,False
2340,CCCCNc1c(Cl)cccc1Cl,2.0,True
588,FC(F)(F)Oc1ccc(I)c(OC(F)(F)F)c1,11.0,False
589,Fc1cccc(CCOc2ccccc2I)c1,11.0,False
1944,CC(C)(C)c1cccc(I)c1F,2.0,True
591,COc1cccc(Br)c1OC(F)F,3.0,True
592,Cc1c(Cl)cccc1Oc1ccccc1Br,11.0,False
5129,CC(C)Oc1ccc(F)cc1Br,1.0,True
594,COc1cc(OCC(F)(F)F)ccc1Br,11.0,False
596,CCOc1c(Br)cccc1COc1ccccc1,11.0,False
2962,Ic1cncc2ccccc12,1.0,True
598,COc1cccc(Br)c1OCc1ccccc1,11.0,False
599,COc1c(Br)ccc(Cl)c1C,4.0,True
5304,N#Cc1cccc(Cl)c1OC(F)(F)F,0.0,True
3838,CC(C)(C)Oc1ccccc1Br,2.0,True
1249,CCc1ccccc1COc1ccc(Cl)c(OC)c1,2.0,True
603,Cc1c(I)cccc1Oc1ccc(O)cc1,11.0,False
604,Clc1ccc(I)c(Oc2ccccc2)c1,2.0,True
605,CC(CF)Oc1ccccc1I,11.0,False
607,Cc1cccc(I)c1OCC1(C)CCCC1,11.0,False
608,CCc1cc(Cl)ccc1Oc1ccccc1I,5.0,True
610,Cc1cc(F)ccc1Oc1ccccc1I,11.0,False
611,FC(F)(F)c1ccc(C(F)(F)F)c(CCOc2ccccc2Br)c1,11.0,False
4809,Clc1ccccc1Oc1cccc(Br)c1,1.0,True
1185,Cc1c(N)cccc1I,1.0,True
615,Brc1ccc(I)c(Br)c1,2.0,True
617,Clc1cc(Cl)c2nccc(Br)c2c1,3.0,True
618,CCCOc1cc(Oc2ccccc2I)ccc1OCC(F)(F)F,11.0,False
619,CC(C)c1ccccc1Oc1ccccc1Br,11.0,False
1207,Fc1ccc(OC(F)(F)F)cc1Cl,0.0,True
621,Oc1cccc(Oc2ccccc2Cl)c1C(F)(F)F,4.0,True
622,Fc1c(Br)cnc2ccccc12,11.0,False
625,COc1c(O)cccc1Br,2.0,True
626,COc1cc(Br)c2ccccc2c1Cl,2.0,True
627,COc1cc(Oc2ccccc2I)ccc1OC(F)F,11.0,False
628,COc1cccc(CCOc2ccccc2I)c1,11.0,False
629,Cc1cccc(CCCOc2ccccc2Oc2ccccc2Cl)c1,11.0,False
630,Fc1ccc(I)c(Oc2ccccc2)c1,11.0,False
631,CCOc1cc(Oc2ccccc2)cc(Oc2ccccc2Br)c1,11.0,False
632,FCc1cccc(I)c1OCC(F)(F)F,11.0,False
633,CC(C)(C)Oc1c(F)cccc1Cl,11.0,False
635,Cc1cccc(CCOc2c(O)cccc2I)c1,11.0,False
6083,Clc1cccc(Oc2c(Cl)cccc2Br)c1Cl,2.0,True
637,FC(F)Oc1ccccc1Oc1ncccc1I,6.0,True
638,Fc1ccc(Oc2cccc(Cl)c2)cc1Cl,11.0,False
640,Clc1ccccc1N1CCCC1,11.0,False
641,COc1cccc(I)c1OCCC(F)(F)F,11.0,False
3125,Oc1ccc(Br)c(F)c1,1.0,True
643,Fc1cccc(Cl)c1,1.0,True
645,O=[N+]([O-])c1cccc(Cl)c1O,1.0,True
2313,CCc1c(OC)ccc(Br)c1Cl,2.0,True
5332,COc1cccc(I)c1,0.0,True
648,Ic1cccc(Nc2ccccc2)c1,1.0,True
649,CCCOc1cc(C(C)(C)C)ccc1I,2.0,True
4058,Cc1ccc(F)c(Cl)c1Oc1ccccc1Cl,4.0,True
2585,Oc1cccc2cccc(Cl)c12,1.0,True
653,Cc1c(I)cccc1Cc1cccnc1,11.0,False
1966,N#Cc1cccc(COc2ccccc2Br)c1,3.0,True
658,Ic1ccccc1OCCCCOc1ccccc1,11.0,False
660,Clc1ccccc1Oc1ccccc1-c1ccc(Cl)c2ccccc12,11.0,False
661,CCOc1cc(COc2cc(C(C)(C)CC)ccc2Cl)ccc1Cl,11.0,False
662,CCCOc1c(COc2ccccc2I)cccc1OCC(F)(F)F,11.0,False
2619,Clc1cccc(Oc2cccc(Cl)c2Cl)c1,5.0,True
664,Cc1c(F)ccc(F)c1Oc1ccccc1I,11.0,False
665,Oc1ccc(Oc2ccccc2Br)c(C(F)(F)F)c1,11.0,False
671,FC(F)(F)Oc1cccc(Cl)c1OCC1CC1,11.0,False
672,CCCCOc1cc(OC(F)F)ccc1I,2.0,True
673,Oc1cccc(I)c1OCC(F)(F)F,11.0,False
674,COc1cccc(CCCOc2ccccc2Cl)c1OC,11.0,False
675,COCCOc1ccc(C)c(Oc2ccccc2Br)c1,11.0,False
676,Ic1ccncc1Oc1ccccc1,3.0,True
678,COc1ccc(Oc2ccccc2Br)c(O)c1,11.0,False
679,Ic1ccccc1Oc1ccncc1,11.0,False
680,CCCCc1ccc(Oc2ccccc2Cl)cc1,11.0,False
1493,COc1cc(O)c(OC)c(Br)c1,1.0,True
1672,Clc1ccccc1Cl,1.0,True
684,FCCCOc1cccc(Br)c1Cl,11.0,False
685,CCOc1ccc(Oc2c(I)cccc2C(F)(F)F)nc1,11.0,False
686,O=c1ccc(Oc2ccccc2I)c[nH]1,11.0,False
4468,FC(F)(F)c1ccc(Oc2ccccc2Cl)cc1,6.0,True
688,CNCc1cc(F)ccc1Oc1ccccc1I,11.0,False
690,Fc1cc(Br)ccc1C(F)(F)Oc1ccccc1Br,11.0,False
691,Cc1cc(Oc2ccccc2Cl)cc(C(F)(F)F)c1,11.0,False
692,Oc1cccc(I)c1,1.0,True
916,Cc1cccc(C)c1Oc1ccccc1Br,4.0,True
694,COc1c(N)cccc1I,2.0,True
695,Nc1cccc(Cl)c1Oc1ccccc1OC(F)F,11.0,False
696,CC(C)Oc1ccc(COc2ccccc2I)cn1,11.0,False
4305,Clc1ccccc1OCc1ccc(Br)cc1,2.0,True
699,CCCCOc1cccc(Br)c1OCC,11.0,False
1138,Oc1cc(Cl)c(Cl)cc1Br,1.0,True
4119,N#Cc1c(F)ccc(Br)c1F,1.0,True
702,Brc1ccccc1-c1ccccc1,1.0,True
703,Cc1c(I)ccc2ccccc12,2.0,True
704,CCOc1c(I)cccc1[N+](=O)[O-],11.0,False
705,CCOc1ccc(Cl)c(OCC(C)C)c1,11.0,False
706,COc1cccnc1Oc1ccccc1I,11.0,False
707,Clc1ccccc1Oc1ccccc1OCCC1CCCCC1,11.0,False
2578,Cc1ccc(Br)c(Br)c1C,2.0,True
710,COc1cc(Oc2ccccc2Br)ccc1Br,11.0,False
711,FC(F)(F)COc1cccc2cc3cccc(Cl)c3cc12,11.0,False
712,FC(F)COc1cccc(Cl)c1OC(F)F,11.0,False
4641,Clc1cc(Br)c2cccnc2c1,2.0,True
715,CCC(C)(C)Oc1ccccc1Cl,11.0,False
716,CCCc1cccc(I)c1OC(C)C,11.0,False
717,CC1(c2cccc(I)c2F)CCCCC1,11.0,False
1026,Cc1c(O)cccc1Br,2.0,True
722,OCCCOc1cccc(C(F)(F)F)c1Oc1ccccc1I,11.0,False
723,Cc1cc(Cl)cc(Oc2ccccc2Cl)c1,11.0,False
726,Clc1ccccc1Oc1ccccc1OCCC1CCCCCC1,11.0,False
727,COc1cccc(COc2ccccc2I)c1OC(C)C,11.0,False
728,CC(C)(C)c1cc(C(C)(C)C(F)(F)F)ccc1Oc1ccccc1Br,11.0,False
3672,N#Cc1ccc(Oc2ccccc2Cl)cc1,1.0,True
730,CCCOc1ccccc1-c1ccccc1Cl,11.0,False
731,CC(C)Oc1ccc(OC(F)F)cc1Br,11.0,False
733,CCCCOc1c(Cl)cccc1OCC,11.0,False
734,Ic1ccccc1OCCCc1ccccc1,11.0,False
735,COc1ccc(Oc2ccccc2I)cc1OCC(F)F,11.0,False
736,Clc1cc(Oc2ccccc2Cl)ccc1Br,11.0,False
738,FC(F)(F)c1ccc(Cl)cc1Oc1ccccc1Cl,11.0,False
2508,Cc1ccccc1Oc1ncccc1Cl,3.0,True
5378,Oc1ccc(Br)c(C(F)(F)F)c1,1.0,True
4758,CCOc1c(OC)ccc(Br)c1OC,5.0,True
742,CCOc1ccc(C(F)(F)F)cc1Cl,11.0,False
5602,CC(C)c1cccc(Cl)c1OCCc1cccnc1,4.0,True
2979,Cc1cccc2c(I)cccc12,1.0,True
1550,Brc1ccccc1Oc1ccccc1OC1CCCCC1,4.0,True
748,CC(C)Oc1ccc(C(C)(C)C)cc1I,11.0,False
3537,Cn1ccc2cccc(Cl)c21,3.0,True
2710,CC(C)Oc1cc(Cl)ccc1Br,1.0,True
752,COc1ccc(I)c(OC)c1O,1.0,True
753,Clc1c(I)cc2ccccc2c1Cl,2.0,True
3795,Fc1cccc(Br)c1OC(F)F,2.0,True
755,COc1cc(C(C)C)ccc1I,11.0,False
756,COc1cc(Cl)ccc1Oc1cccc(Br)c1C,3.0,True
757,Cc1cccc(C)c1CCOc1ccccc1I,11.0,False
758,Clc1cc2ccccc2cc1Cl,2.0,True
759,COc1cc(Oc2ccccc2)ccc1I,11.0,False
4865,CCCCCCc1cccc(Br)c1OC,4.0,True
762,Brc1ccccc1OCC1CCCCC1,11.0,False
763,CCC1(C)CCOc2c(Br)cccc21,11.0,False
813,Cc1cc(Cl)c2c(Br)cccc2c1,1.0,True
768,CC(C)(C)COc1ccccc1I,11.0,False
769,FC(F)(F)c1cccc(Cl)c1NCCOc1ccccc1Oc1ccccc1I,11.0,False
770,FC(F)(F)c1cccc(I)c1C(F)(F)F,2.0,True
771,FC(F)(F)C(F)(F)c1ccc(Oc2ccccc2Br)cc1,11.0,False
772,CC(C)(C)c1ccc(COc2ccccc2Br)cc1F,11.0,False
773,Ic1cccc2c1ccc1ccccc12,2.0,True
3078,Clc1cccc2sccc12,3.0,True
775,COc1c(F)ccc(Br)c1OC,2.0,True
776,CC(C)c1ccc(Oc2ccccc2Br)c(C(F)(F)F)c1,11.0,False
777,Fc1cccc(Oc2cc(Cl)ccc2I)c1,11.0,False
778,Cc1ccnc(Oc2ccccc2Cl)c1,2.0,True
779,Cc1c(O)ccc(Oc2ccccc2Cl)c1C,11.0,False
780,FC(F)Oc1ccc(C(F)(F)F)c(Cl)c1,11.0,False
5847,COc1ccc(Br)c(C(F)(F)F)c1,2.0,True
3835,CCOc1cc(OC)ccc1Cl,2.0,True
785,CCCCOc1ccc(Oc2c(O)cccc2I)cc1,11.0,False
786,Fc1cc(CCOc2ccccc2Cl)cc(F)c1F,11.0,False
787,CC(C)(c1ccccc1)c1ccccc1Oc1ccccc1I,11.0,False
2405,FC(F)(F)c1cccc(C(F)(F)F)c1Cl,3.0,True
789,Fc1ccc(Cl)c(OCC2CCC2)c1,11.0,False
790,N#Cc1cccc(F)c1Oc1ccccc1I,11.0,False
1392,Oc1c(F)cccc1Br,2.0,True
811,CC(C)Oc1cc(O)ccc1Br,1.0,True
793,FC(F)(F)c1ccccc1COc1cccc(Cl)c1Cl,11.0,False
794,CC(F)(F)c1ccc(Oc2ccccc2Cl)cc1,11.0,False
795,Oc1ccc(Cl)c(O)c1,1.0,True
797,CC(C)(C)c1cccc(COc2ccccc2Br)c1,11.0,False
798,CCOc1c(I)cccc1OC(C)C,11.0,False
3813,CCOc1ccc(Br)cc1Br,2.0,True
800,O=[N+]([O-])c1ccccc1Oc1cccc(Cl)c1Cl,11.0,False
802,Nc1ccc(Oc2ccccc2Br)cc1,11.0,False
3039,CC(C)Oc1ccc2cccc(Cl)c2c1,2.0,True
805,ClCCCOc1ccccc1Br,11.0,False
806,Cc1cccnc1Br,2.0,True
807,CCc1ccccc1Oc1ccc(Cl)cc1Cl,1.0,True
809,CC(F)COc1ccc(Cl)c2ccccc12,11.0,False
1216,Oc1ccccc1-c1ncccc1I,3.0,True
3676,Ic1cnccc1COc1ccccc1,3.0,True
814,CCOc1ccc(CCOc2ccccc2Cl)cc1,11.0,False
815,COc1cccc(Br)c1OCc1cccc(C)c1C,4.0,True
816,Clc1ccc(Oc2ccccc2I)cc1Cl,1.0,True
817,Oc1ccc(OCC=Cc2cccc(F)c2)c(Oc2ccccc2Br)c1,11.0,False
818,CCOc1ccc(Cl)cc1I,11.0,False
819,Fc1ccc2c(I)cccc2c1,4.0,True
820,N#Cc1cccc(Oc2ccccc2Br)c1,11.0,False
821,COc1ccc(Br)c(C)c1,1.0,True
4194,FC(F)(F)c1ccc(Br)c(Cl)c1Cl,2.0,True
2043,O=c1[nH]cccc1Cl,2.0,True
1604,Brc1ncnc2ccccc12,2.0,True
829,FC(F)(F)c1cc(Cl)c(Cl)c(Br)c1,2.0,True
830,COc1ccc(CCCOc2ccccc2I)cc1OC,11.0,False
831,COc1ccc(OC(F)F)cc1I,11.0,False
834,CC1(COc2ccc(Br)c(Cl)c2)CC1,11.0,False
835,FC(F)(F)Oc1ccc(I)c(Br)c1,2.0,True
836,COc1c(Cl)cccc1OC(C)C,11.0,False
837,CCOc1cc2ccccc2cc1Br,11.0,False
838,COc1c(I)cccc1C1CC1,11.0,False
839,CCc1cccc(Br)c1O,2.0,True
840,CC(C)c1cccc(Br)c1OCc1cccnc1,11.0,False
841,CCOc1c(Cl)cccc1OCC1CCC1,11.0,False
5672,Clc1cccc2c(I)ccnc12,2.0,True
5650,Clc1cccc2cccc(Br)c12,0.0,True
846,O=c1cc(O)c(Oc2ccccc2Cl)n[nH]1,11.0,False
847,CC(C)(C)CCOc1ccccc1I,11.0,False
848,CCOc1ccc(C)c(COc2ccc3c(Br)cccc3c2)c1,11.0,False
4810,Oc1cccc(I)c1Br,0.0,True
850,CCCOc1cc(Cl)ccc1Br,11.0,False
3013,CCCCOc1cc(OCCOCC)ccc1I,2.0,True
853,Cc1c(Br)cccc1I,0.0,True
854,Cc1ncccc1Cl,2.0,True
855,Fc1ccc(C(F)(F)F)c(Oc2ccccc2Br)c1,11.0,False
857,Cc1ccc(Cl)c(C)c1Oc1ccccc1I,7.0,True
858,CCC(C)(CC)Oc1ccccc1Cl,11.0,False
859,CC(C)Oc1cc(Cl)c(F)cc1Br,11.0,False
4647,CCOc1cc(Cl)ccc1I,4.0,True
861,Clc1cccc(-c2ccccc2Br)c1,11.0,False
862,CCCOc1cccc(Br)c1OCC,2.0,True
863,Cc1ccc(Oc2ccccc2I)c(C)c1[N+](=O)[O-],11.0,False
864,Fc1ccc(Oc2ccccc2I)cc1Cl,11.0,False
865,Clc1ccccc1Oc1cncc2ccccc12,11.0,False
866,Fc1cc(Oc2ccccc2)ccc1Cl,11.0,False
867,COc1cc(OCC(C)C)ccc1Br,11.0,False
868,Clc1ccc(Oc2cc(Cl)ccc2Br)cc1,11.0,False
870,Clc1ccc(COc2ccccc2Br)c(Cl)c1,11.0,False
871,Clc1ccccc1OCc1ccncc1,11.0,False
872,CC(Oc1ccccc1Br)c1ccccc1,11.0,False
873,Cc1cccc(Cl)c1OCc1ccccc1,11.0,False
874,Ic1ccccc1Oc1ccc(Oc2ccccc2)c(-c2ccccc2)c1,11.0,False
876,FCCCOc1cccc(Oc2ccccc2I)c1,11.0,False
878,Clc1cc(Br)c(Oc2ccccc2)cc1Cl,1.0,True
879,COc1ccc(Cl)c(OC)c1C,2.0,True
880,Fc1c(Br)cccc1Br,1.0,True
1566,Ic1ccccc1Oc1cccnc1,3.0,True
882,COc1cc(OCC(C)(C)C)ccc1I,11.0,False
883,COc1cccc(OC)c1COc1ccccc1Br,11.0,False
885,Cc1cccc(CF)c1COc1ccccc1Br,11.0,False
5628,FC(F)Oc1ccc2cccc(I)c2c1,3.0,True
888,Ic1ccccc1Oc1csc2ccccc12,3.0,True
889,COc1cccc(Cl)c1OC(C)C,11.0,False
890,COc1ccc(OCc2cccc(Cl)c2)cc1Cl,11.0,False
891,COc1nccc(Br)c1OC,11.0,False
892,CCOCCOc1ccccc1I,11.0,False
893,O=C(c1ccccc1Cl)c1ccccc1I,11.0,False
894,COc1ccccc1-c1c(Br)cccc1C(F)(F)F,11.0,False
896,COc1ccc(I)c(OCC2CCCCC2)c1,11.0,False
1442,COc1c(Cl)cccc1-c1ccccc1C(F)(F)F,1.0,True
898,Clc1ccccc1Oc1ccccc1Sc1ccccc1,11.0,False
899,Fc1cc(F)cc(COc2ccccc2Br)c1,11.0,False
900,Oc1c(Cl)cccc1C(F)(F)F,2.0,True
4332,COc1cccc(I)c1OC(F)(F)F,3.0,True
903,Brc1cccc(Br)c1Oc1ccccc1,11.0,False
904,FCCOc1ccccc1Cl,2.0,True
905,CC(C)CCOc1cccc(I)c1C(F)(F)F,11.0,False
4010,Fc1ccc(Cl)cc1Cl,1.0,True
908,FC(F)Oc1cccc(C(F)(F)F)c1Oc1ccccc1I,11.0,False
950,Clc1ccccc1OCc1ccccn1,2.0,True
911,FC(F)(F)c1ccc(Cl)cc1COc1ccccc1Cl,11.0,False
913,Clc1ccc(CC2(COc3ccccc3I)CCCCC2)c(Cl)c1,11.0,False
914,Cc1cccc(I)c1C(C)(C)C,1.0,True
915,CCCOc1c(Br)cccc1OCC,11.0,False
917,CC(C)(C)C(Cc1ccccc1)(c1ccccc1)c1ccccc1Oc1ccccc1I,11.0,False
919,Cc1ccc(COc2ccccc2Cl)c(C)c1,11.0,False
920,Cc1c(F)cccc1Oc1ccccc1Br,11.0,False
5357,Cc1c(O)c(Br)cc2ccccc12,1.0,True
6149,CC(C)COc1ccccc1Cl,1.0,True
6049,Oc1ccc2ccccc2c1Cl,1.0,True
926,FC(F)(F)COc1cc(Cl)ccc1Cl,11.0,False
928,Oc1ccc(COc2ccccc2I)cc1,11.0,False
930,O=[N+]([O-])c1cccc(I)c1OC(F)F,11.0,False
931,Fc1c(Cl)cccc1I,1.0,True
932,CCC(O)(CC(F)(F)F)C(=O)c1ccccc1I,11.0,False
933,FC(F)(F)c1cccc(COc2ccc(Cl)cc2Br)c1,11.0,False
935,CCc1ccccc1Br,1.0,True
937,Cc1ccc(C(C)(C)C)c(Oc2ccccc2Br)c1,11.0,False
938,Clc1cccc(COc2ccc(I)c3ccccc23)c1Cl,11.0,False
1802,Clc1ccccc1-c1ccccc1I,2.0,True
940,CCC(Oc1cc(O)ccc1Cl)c1cccc(OC)c1OC,11.0,False
2732,Clc1nccc(Br)c1Cl,0.0,True
944,CCOc1ccc(O)c(-c2ccccc2I)c1,11.0,False
6141,FC(F)(F)c1cncc(Cl)c1Cl,1.0,True
946,Cc1cccc(Oc2ccccc2I)c1,11.0,False
1073,N#Cc1ncccc1Cl,3.0,True
951,CCOc1cccc(Cl)c1OCC1CCCC1,11.0,False
3490,Clc1ccccc1OCC1CC1,0.0,True
953,Fc1ccc(CCCOc2ccccc2Cl)cc1,11.0,False
955,Cc1c(Cl)ccc(F)c1O,2.0,True
956,CCCCOc1ccc(Oc2ccccc2Br)cc1OCC,11.0,False
958,CCOc1cc(C)ccc1Cl,1.0,True
959,Cc1nccc(F)c1Oc1ccccc1I,11.0,False
960,CCc1ccc(-c2ccccc2I)cc1,11.0,False
2322,FC(F)(F)c1ccc2cccc(Cl)c2c1,2.0,True
963,CC(C)(C)Oc1ccccc1-c1ccc(Oc2ccccc2Br)cc1,11.0,False
3411,Nc1cc(F)ccc1I,1.0,True
966,CC(C)(C)c1ccccc1Nc1ccccc1Oc1ccccc1I,11.0,False
969,Clc1ccc2ccccc2c1OCc1ccccc1,11.0,False
970,FC(F)(F)c1c(Cl)cccc1Br,1.0,True
971,Clc1cccc(Oc2ncccc2Br)c1,6.0,True
976,Clc1ccccc1OCCc1ccsc1,11.0,False
978,FC(F)(F)Oc1ccc(Cl)cc1Br,0.0,True
979,CCCOc1c(Br)cccc1I,11.0,False
980,FC(F)(F)c1cccc(CCOc2ccccc2Cl)c1,11.0,False
981,Oc1ccc2c(I)cccc2c1,2.0,True
2147,Fc1ccc(Br)c(C(F)(F)F)c1,1.0,True
984,FCOc1ccc(OC(F)F)c(I)c1,11.0,False
4481,COc1cccc(Br)c1Oc1ccccc1Cl,5.0,True
986,CCCCOc1c(I)cccc1OC(F)F,11.0,False
987,Fc1ccc(COc2ccccc2I)cc1,11.0,False
988,COc1cccc(I)c1OCCCc1ccc(Cl)cc1,3.0,True
2549,Clc1ccccc1OCCC1CCCCC1,1.0,True
990,CCCOc1c(Br)ccc(OC)c1C,11.0,False
993,Oc1cc(F)ccc1Oc1ccccc1Cl,11.0,False
994,Cc1c(Cl)cccc1COc1ccccc1Br,11.0,False
3424,Brc1ccccc1OCC1CCCC1,1.0,True
1429,COc1c(F)cc(F)cc1Br,0.0,True
997,CCCCOc1c(Cl)ccc2ccccc12,11.0,False
999,Clc1ccc(COc2ccccc2I)cc1Cl,11.0,False
1000,Fc1ccc(Cl)c(Cl)c1,1.0,True
1002,COc1cccc(-c2ccccc2I)c1OC,11.0,False
1003,CC1(Oc2c(Cl)cccc2Cl)CC1,11.0,False
1004,COc1ccccc1Cl,1.0,True
1005,Nc1cccc(I)c1OCC(F)F,11.0,False
3851,Cc1ccc(Oc2ccccc2)c(I)c1,1.0,True
5114,Clc1cccc(Oc2ccc(Cl)cc2Cl)c1,1.0,True
2957,COc1c(Br)cc2ccccc2c1O,7.0,True
1009,NCCCOc1ccc(Oc2ccccc2Cl)cc1,11.0,False
1010,FC(F)(F)COc1ccccc1Cl,11.0,False
1011,Cc1cc(Cl)c2ccccc2c1Cl,1.0,True
1012,CC(C)C(C)(Oc1ccccc1Br)C(F)(F)F,11.0,False
1013,CCCCOc1cc(OC)ccc1Cl,2.0,True
1014,Cc1cccc(Cl)c1O,1.0,True
1015,COc1ccc(Oc2ccccc2I)cc1OC,11.0,False
6073,Fc1cccc(-c2ccccc2I)c1,2.0,True
1017,CCCCOCCOc1ccccc1Cl,11.0,False
1018,CC(C)(C)c1ccccc1Oc1c(N)cccc1Cl,11.0,False
1020,O=[N+]([O-])c1cc(F)ccc1Oc1ccccc1Br,11.0,False
1022,COCC(C)(C)Oc1ccccc1I,11.0,False
1023,FC(F)Oc1cccc(C(F)(F)F)c1Br,11.0,False
1024,Clc1ncccn1,11.0,False
5973,CC(C)(C)c1cccc(Oc2ccccc2I)c1,5.0,True
6119,COc1cc(I)c(F)cc1Cl,0.0,True
1028,COc1cccc(Cl)c1Oc1ccccc1,11.0,False
1030,CCCOc1ccccc1CCOc1ccccc1Oc1ccccc1Cl,11.0,False
1031,Fc1cc(OCc2ccccn2)ccc1I,1.0,True
1032,COc1ccc(I)c(OCc2ccccc2)c1,11.0,False
1034,Cc1ccc(Oc2ccccc2Br)cc1C(F)(F)F,11.0,False
1035,CCOc1c(Cl)cccc1C(C)(C)C,11.0,False
1036,CC(C)(C)c1ccccc1CCOc1ccccc1Br,11.0,False
1037,FC(F)Oc1cccc(Cl)c1OCC(F)(F)F,11.0,False
1038,COc1cnccc1Br,2.0,True
5132,Cn1ccc2c(Cl)cccc21,2.0,True
1040,COc1c(Cl)cccc1C(F)F,1.0,True
1895,CC(C)Oc1c(N)cccc1Br,1.0,True
1043,Fc1c(Oc2ccccc2Br)cccc1C(F)(F)F,11.0,False
1044,COc1c(OCCc2ccc(Cl)c(Cl)c2)c(I)cc2ccccc12,11.0,False
1045,Fc1cccc(Br)c1Oc1ccccc1Br,1.0,True
1046,Brc1ccccc1Oc1cccc(-c2ccccc2)c1,11.0,False
1047,Clc1ccc(Cl)c(Oc2ncccc2Cl)c1,11.0,False
1049,CCOc1c(Cl)ccc(F)c1F,11.0,False
1050,FC(F)Oc1cccc(Cl)c1OC(F)(F)C(F)F,11.0,False
1143,Cc1cccc(Oc2ccccc2Br)c1C,5.0,True
1053,FC(F)(F)CCCOc1ccc(Oc2ccccc2I)cc1,11.0,False
1054,CCC(F)COc1ccccc1I,11.0,False
1056,CCCc1ccccc1Oc1ccccc1Br,11.0,False
1057,COc1c(Cl)cccc1NC(C)=O,1.0,True
1058,CC(C)c1c(O)cccc1Oc1ccccc1Br,11.0,False
1060,Cc1cccc(CCCCOc2ccccc2Cl)c1,11.0,False
4043,Fc1cc(Cl)ccc1COc1c(Cl)cccc1Cl,2.0,True
4146,N#Cc1ccc(I)c(Cl)c1,0.0,True
3711,FC(F)(F)c1ccc(Cl)c(Oc2ccccc2)c1,6.0,True
1064,Ic1ccccc1Oc1ccsn1,11.0,False
1065,Clc1cccc(Cl)c1Cl,1.0,True
1066,O=c1[nH]cccc1COc1c(Cl)cc(Cl)cc1Br,11.0,False
1067,FC(F)(F)c1cc(Cl)c2ccccc2c1,4.0,True
3164,CCCC(C)Oc1ccccc1Br,1.0,True
1069,CCOc1ccc(Br)c(OCc2ccccc2)c1,11.0,False
2771,FC(F)(F)c1ccccc1Br,0.0,True
1071,Clc1cc(Oc2cccnc2)ccc1I,5.0,True
1072,Cc1cccc(N2CCN(CCOc3ccccc3Br)CC2)c1,11.0,False
1074,Fc1cc(F)c(Br)cc1F,2.0,True
1075,COc1c(Cl)cccc1OCC(F)F,11.0,False
1078,COc1c(Br)ccc(F)c1Cl,1.0,True
3072,Cc1ccnc(Br)c1F,2.0,True
1080,Fc1cccc(COc2ccccc2I)c1F,11.0,False
1081,CCOc1cccc(Cl)c1OC(C)C,11.0,False
1082,Oc1ccc(C(F)(F)F)cc1Cl,2.0,True
1083,Brc1ccccc1Oc1ccccc1Br,11.0,False
1084,CC(C)(C)c1ccc(COc2ccccc2Cl)cc1,11.0,False
2605,FC(F)Oc1ccc(Cl)cc1I,2.0,True
1086,Fc1cc(Oc2ccccc2Br)cc(F)c1Cl,11.0,False
1087,COc1cccc(I)c1OCCCc1ccccc1,3.0,True
2522,FC(F)(F)c1c(Cl)cccc1Oc1ccccc1Br,3.0,True
3058,COc1cccc(Cl)c1C(F)(F)F,0.0,True
1090,CCOc1cccc(Cl)c1O,3.0,True
1091,CCCCOc1c(Cl)cccc1OCCC,11.0,False
1094,COc1ccc(OC(F)(F)F)c(Cl)c1,2.0,True
1898,CCC(C)Oc1ccc(Cl)cc1Br,1.0,True
1096,Clc1cccc(Br)c1OCc1ccccc1,11.0,False
1098,CCCOc1cc(Oc2ccccc2Cl)ccc1OC(C)C,11.0,False
4025,COc1ccccc1Oc1cc(OC(F)F)ccc1Br,3.0,True
1100,COc1cccc(Cl)c1Oc1ccccc1I,11.0,False
1101,N#Cc1cc(Oc2ccccc2Br)cc2ccccc12,11.0,False
1103,COc1ccccc1CCOc1ccccc1Cl,11.0,False
1104,CC(C)(C)Oc1c(O)cccc1I,11.0,False
1105,C=C(CCC)Oc1ccccc1Br,11.0,False
1107,CCOc1c(N)ccc(I)c1OCC,11.0,False
1108,CC(C)c1c(I)cccc1OC(F)F,11.0,False
3279,CC(=O)c1ccc(Cl)c(F)c1,4.0,True
2651,Oc1cc(F)c(F)cc1I,1.0,True
3879,CCCOc1ccc(I)c(C)c1C,2.0,True
1114,N#Cc1cc(F)c(C(F)(F)F)cc1Oc1ccccc1Cl,11.0,False
1116,Cc1c(Cl)cc(Cl)cc1Oc1ccccc1Cl,3.0,True
1117,Fc1ccc(Oc2ccccc2I)c(C(F)(F)F)c1,11.0,False
1118,Fc1ccc(Cl)c(Oc2ccccc2Cl)c1,11.0,False
1119,Cc1ccc(C)c(COc2ccccc2Br)c1,11.0,False
4459,Clc1ccc(Oc2ccccc2I)c(Cl)c1,2.0,True
1121,FC(F)COc1c(Br)cccc1OCCC(F)(F)F,11.0,False
1122,Clc1cncc(I)c1Cl,1.0,True
1123,CCOc1cccc(Br)c1OC(F)F,11.0,False
1124,CC(C)c1ccccc1COc1ccccc1Br,11.0,False
1126,FC(F)(F)c1ccc(Oc2ccccc2Br)cc1C(F)(F)F,11.0,False
1130,Cc1c(I)cccc1OCCCCc1ccc(C(F)(F)F)c(Cl)c1,11.0,False
1131,Oc1cc2ccccc2cc1Cl,2.0,True
5170,FC(F)(F)c1ccc(Cl)cc1Br,0.0,True
1135,Fc1ccc(Cl)c(F)c1Oc1ccccc1Cl,11.0,False
1137,Clc1cccc(OCc2ccccc2Br)c1Cl,11.0,False
1139,Cc1ccc(CCOc2ccccc2Br)cc1,11.0,False
4675,Brc1cncc(Nc2ccccc2)n1,6.0,True
1228,Fc1cc(Oc2ccccc2Br)ccc1Br,2.0,True
1145,COc1c(I)ccc(F)c1F,2.0,True
1146,Fc1cc(F)cc(COc2c(Cl)cccc2Br)c1,11.0,False
3088,COc1cc(Oc2ccccc2OC)ccc1I,2.0,True
1152,COc1ccc(OC)c(COc2ccccc2Br)c1,11.0,False
1153,CN(C)CCCCOc1ccc2cccc(Br)c2c1,11.0,False
1154,CCOc1c(I)cccc1OC(F)F,11.0,False
1155,FC(F)(F)Oc1ccc2cccc(Cl)c2c1,11.0,False
1156,O=S1(=O)c2ccccc2C=CC1COc1ccccc1Cl,11.0,False
1157,FC(F)(F)c1ccc(OCc2cccc(Cl)c2)c(Cl)c1,11.0,False
1158,CC1(COc2ccccc2I)CCCC1,11.0,False
1160,FC(F)(F)c1ccccc1Oc1ccc(COc2ccccc2Cl)cc1,11.0,False
1161,FCCOc1cc2ccccc2cc1Br,3.0,True
1163,FC(F)Oc1ccccc1Oc1ccccc1Cl,11.0,False
1165,COc1ccc(Br)c(OCc2cccc(F)c2)c1,11.0,False
1166,Cc1cc(C(F)(F)F)ccc1Oc1ccccc1I,2.0,True
3174,Brc1cccc2cc[nH]c12,1.0,True
1168,Oc1c(F)ccc(Br)c1F,2.0,True
1170,Clc1ccc(Oc2ccccc2)cc1Cl,0.0,True
1171,Cc1cccc(-c2ccccc2Br)c1,1.0,True
1172,Cc1ccc(Br)c(COc2ccccc2Cl)c1,11.0,False
1173,CCCOc1ccc(Cl)c(OCC(C)C)c1,11.0,False
1174,COc1ccc(Oc2ccccc2I)cc1C(F)(F)F,11.0,False
1176,Clc1ccc(Cl)c(CCOc2ccccc2Br)c1,5.0,True
1710,FCCOc1ccccc1Oc1ccccc1Br,1.0,True
1178,FC(F)Oc1ccc(COc2ccccc2I)cc1,11.0,False
1179,Oc1cccc(O)c1I,2.0,True
4901,CCOc1cc(Oc2cccnc2)ccc1Cl,3.0,True
1183,CCCOc1c(COc2ccccc2I)cccc1OCC,11.0,False
1184,COc1ccccc1Oc1c(I)cccc1OC,2.0,True
1186,CCCCOc1cccc(Br)c1OCCC,11.0,False
3369,Cc1c(Br)cccc1OC(C)C,3.0,True
2706,FC(F)(F)c1cccc(Oc2ccccc2Br)c1,5.0,True
1192,Fc1ccc(COc2ccccc2Cl)c(C(F)(F)F)c1,11.0,False
3810,COc1ccc(CCCCOc2ccccc2I)cc1OC,2.0,True
1194,CCCCOc1ccc(Oc2ccccc2Br)cc1,11.0,False
1196,CC(C)(C)c1ccccc1Oc1c(Cl)cccc1C(C)(C)C,11.0,False
1197,COc1cccc(Br)c1-c1ccccc1,11.0,False
1198,FC(F)(F)c1ccc(OCc2ccccc2)c(I)c1,11.0,False
5438,FC(F)(F)c1cccc(Oc2c(Cl)cccc2C(F)(F)F)c1,5.0,True
1201,CC(C)Oc1cccc(Cl)c1,11.0,False
1607,COc1ccc(COc2ccccc2I)c(F)c1,3.0,True
2980,Clc1ccc(COc2ccccc2I)cc1,3.0,True
4272,Oc1ccc(F)c(Br)c1,1.0,True
1205,Cc1cccc(Br)c1Oc1ccccc1Br,11.0,False
1206,CC1(COc2ccccc2Br)CCC1,11.0,False
1208,CCCCOc1cccc(Br)c1C,11.0,False
1209,CCCOc1cc(Br)ccc1Oc1ccccc1Cl,11.0,False
1217,Oc1cccc(Br)c1OCc1ccccc1,11.0,False
1218,Cc1ccc(C(C)C)c(Oc2ccccc2Br)c1C,11.0,False
1219,FC(F)(F)c1cc(Oc2ccccc2I)ccc1Cl,6.0,True
1220,CCOc1ccc(Oc2ccccc2Br)cc1OCC,11.0,False
1581,Fc1c(Cl)cccc1Oc1ccccc1Br,1.0,True
1223,CCCOCCOc1ccccc1Cl,11.0,False
1224,N#Cc1cc(Oc2ccc(C(F)(F)F)c(Cl)c2)ccc1OC(F)F,11.0,False
1226,Clc1ccccc1Oc1cccc(Br)c1Cl,11.0,False
1229,Cc1ccccc1Cl,1.0,True
1230,FC(F)Oc1cccc(Oc2ccc(C(F)(F)F)cc2Cl)c1,11.0,False
1237,CC(Oc1ccccc1I)c1c(Cl)ccc(Cl)c1Cl,11.0,False
1240,FC(F)(F)Oc1cc(Cl)ccc1Br,2.0,True
1241,CC(C)(Oc1ccccc1Cl)C(F)(F)F,11.0,False
1242,CCOc1c(Br)cccc1OC(F)(F)F,11.0,False
1243,CCOc1c(I)cccc1C(F)(F)F,11.0,False
2129,CCOc1ccccc1Oc1ccccc1Br,2.0,True
1246,FC(F)(F)Oc1cccc(Br)c1Oc1ccccc1,11.0,False
1250,Clc1ccc2cccc(Br)c2c1,0.0,True
1252,COc1ccccc1OCc1ccccc1Cl,3.0,True
1253,Clc1cc(Cl)c(Cl)c(Br)c1,1.0,True
1254,CC(COc1ccccc1Br)CC(F)(F)F,2.0,True
1256,COc1c(O)ccc(Br)c1OC,2.0,True
1257,Clc1cccc(Oc2ccccc2I)c1,11.0,False
2035,Fc1c(Br)ccc2ccccc12,2.0,True
3920,CCCc1ccccc1COc1cccc(I)c1C,3.0,True
1263,CCCC(=O)c1ccc(OCC)c(Cl)c1Oc1ccccc1I,11.0,False
1264,Clc1nc2ccccc2cc1I,2.0,True
6173,COc1cc(OC(C)C)ccc1Cl,3.0,True
1266,CCOc1cccc(COc2ccccc2Cl)c1,11.0,False
3974,Cc1cccc(I)c1Oc1ccccc1,3.0,True
1268,COCCCOc1ccccc1Cl,11.0,False
1269,Brc1ccccc1OCc1ccco1,11.0,False
1272,COc1ccccc1COc1c(O)cccc1Br,11.0,False
2331,FC(F)(Cl)Oc1ccccc1Cl,2.0,True
1276,Cc1ccc(F)c(Br)c1,2.0,True
1279,FC(F)(F)CCOc1cccc(I)c1Cl,11.0,False
2965,Fc1cccc(I)c1Oc1ccccc1C(F)(F)F,2.0,True
1282,CCCCCOc1ccccc1I,11.0,False
2221,N#Cc1ccc(-c2ccccc2Cl)cc1,1.0,True
1285,FC(F)Oc1cccc(I)c1Oc1ccccc1,11.0,False
1286,CCOc1c(O)cccc1Cl,2.0,True
6030,COc1ccc(I)c(O)c1OC,1.0,True
1288,FC(F)Oc1cccc(Br)c1Oc1ccccc1C(F)(F)F,5.0,True
1292,Fc1cc(C2CCCc3ccccc32)ccc1Br,11.0,False
1293,Fc1c(Cl)cccc1OC(F)F,2.0,True
1294,CCOc1cc(C(F)(F)F)c2cccc(Br)c2c1,11.0,False
1295,CC(C)(Oc1ccccc1I)c1ccccc1,11.0,False
1300,CCOc1c(OC)cccc1-c1ccccc1I,11.0,False
4017,CCCCOc1c(I)cccc1C#N,2.0,True
1304,COc1ccc(-c2ccccc2)cc1Cl,11.0,False
1306,COc1c(F)cccc1Oc1ccccc1I,11.0,False
1308,COc1ccccc1OCc1cc(Cl)ccc1Br,2.0,True
1309,Brc1cccc2ccccc12,1.0,True
1310,COc1c(I)cccc1Sc1ccccc1,11.0,False
1311,FC(F)(F)COc1ccc(Cl)cc1Br,11.0,False
1312,FC(F)(F)CCCOc1ccccc1Br,11.0,False
1314,FC(F)Oc1ccccc1I,2.0,True
1316,COc1ccc(OCc2ccc(C(C)(C)C)cc2)c(Br)c1,11.0,False
1317,Clc1cccc(Oc2cccc(CCOc3ccccc3Br)c2)c1,11.0,False
1319,FC(F)(F)CCOc1cccc(-c2ccccc2Br)c1,11.0,False
3679,Fc1cccc(Oc2cccc(Br)c2Cl)c1,1.0,True
1323,FC(F)Oc1ccc(Oc2ccccc2I)cc1,11.0,False
1325,FC(F)(F)c1cccc(COc2cccc(Br)c2Cl)c1,11.0,False
1326,FC(F)(F)Oc1cccc(I)c1OCc1ccccn1,3.0,True
1327,CC1(COc2c(Cl)cccc2C(F)(F)F)CCCCC1,5.0,True
1328,COc1ccc(I)c(OCc2cccc(Cl)c2)c1,11.0,False
1649,COc1c(O)ccc(Br)c1OC(F)F,2.0,True
1330,FC(F)(F)c1cccc(Oc2cccc(I)c2Cl)c1,5.0,True
3687,COc1ccc(OC(C)C)c(Br)c1,3.0,True
3658,FC(F)(F)c1cccc(Cl)c1Cl,3.0,True
1336,COc1c(Cl)cc(Cl)c(C)c1Cl,2.0,True
1337,Clc1cnnc2ccccc12,2.0,True
1338,CCc1ccccc1Oc1ccccc1Cl,1.0,True
1339,Cc1ccc(C(F)(F)F)c(Oc2ccccc2I)c1C,11.0,False
2474,COc1ccc(F)cc1Oc1ncccc1I,6.0,True
1341,CCOc1ccc(Cl)c(OCC)c1OCC,11.0,False
1343,COc1cccc(I)c1OC(C)(C)C,11.0,False
1344,Clc1cccnc1I,2.0,True
1345,CCOc1ccc(OC(C)C)c(Cl)c1,11.0,False
1347,COc1nccc2c(Cl)cccc12,1.0,True
1349,CC1CCC(C)(COc2ccccc2I)CC1,11.0,False
1350,CC(C)Oc1cc(OC(F)F)ccc1I,11.0,False
6209,COc1cc(OC(F)F)ccc1Cl,1.0,True
1352,Brc1ccccc1OCc1ccsn1,11.0,False
2523,Oc1c(Cl)ccc(Br)c1OC(F)F,1.0,True
1355,Fc1cccc(COc2ccc(F)c(Cl)c2)c1,11.0,False
1356,Clc1ccccc1OC1CCC1,11.0,False
1357,FCCCOc1c(F)cccc1Cl,11.0,False
1358,COc1ccc(CCOc2ccccc2Br)cc1,11.0,False
1361,CCOc1c(Br)cccc1OCC(C)(C)C,11.0,False
4950,Oc1cccc(Br)c1OC(F)(F)F,1.0,True
2166,Fc1cccc(Br)c1C(F)(F)F,1.0,True
2724,FC(F)Oc1cc(C(F)(F)F)ccc1I,6.0,True
1366,CC(C)Oc1c(I)cccc1C(F)(F)F,2.0,True
1367,COc1c(I)ccc(C(F)(F)F)c1C(F)(F)F,4.0,True
1369,CCOc1cc(Oc2ccccc2)ccc1Br,11.0,False
1370,FC(F)(F)COc1cc(C(F)(F)F)ccc1I,11.0,False
1371,Fc1ccccc1Cl,1.0,True
1372,CC(C)Oc1c(I)cccc1[N+](=O)[O-],11.0,False
1376,COc1cc(COc2ccccc2I)cc(OC)c1,11.0,False
1379,Fc1cc(F)c(F)c(Cl)c1,0.0,True
2642,COc1c(Br)cccc1Br,1.0,True
1383,Clc1cccc2sncc12,2.0,True
1385,COc1ccccc1C(C)Oc1ccc(Cl)cc1Cl,11.0,False
1386,FC(F)(F)c1cccc(Oc2ccc(C(F)(F)F)cc2Br)c1,5.0,True
1389,FCCOc1ccc2c(Cl)cccc2c1,2.0,True
1390,C=CCCOc1ccccc1I,2.0,True
2428,CC(C)Oc1c(Br)cccc1C(C)C,3.0,True
2832,FC(F)(F)c1ccccc1-c1ccccc1Cl,1.0,True
1394,NCCOc1ccccc1I,11.0,False
1396,CCOc1cccc(Cl)c1OCC(C)C,11.0,False
1397,Fc1ccc(F)c(COc2ccccc2Br)c1,11.0,False
1398,CCCOc1cccc(I)c1Br,2.0,True
1399,Clc1cc(Cl)cc(COCCOc2ccccc2Cl)c1,11.0,False
1400,CC(C)c1ccccc1Nc1ncccc1I,11.0,False
3361,CCOc1cc(C(F)(F)F)ccc1Br,3.0,True
1403,COc1ccc(COc2ccccc2Br)cc1,11.0,False
1409,N#Cc1ccccc1Oc1cccc(I)c1F,2.0,True
1412,COc1ccc(Oc2ccccc2I)nc1,11.0,False
5651,Oc1cc(F)c2c(Cl)cccc2c1Br,5.0,True
4772,COc1cccc(Cl)c1OCc1cccc(Cl)c1,4.0,True
1417,Cc1c(Cl)cccc1OCC(F)F,11.0,False
1418,CC(C)c1cccc(C(F)(F)F)c1COc1ccccc1Cl,11.0,False
5854,Oc1c(Cl)ccc(Cl)c1Cl,1.0,True
1420,Fc1ccc(Br)c(Cl)c1Cl,1.0,True
1423,CCCCOc1ccc(-c2cccc(Cl)c2OC(F)F)cc1,11.0,False
3727,COCCOc1ccccc1Br,2.0,True
1425,Cc1c(I)ccc(Cl)c1-c1ccccc1Cl,11.0,False
1426,COc1cc(Oc2ccccc2Cl)cs1,11.0,False
1427,COc1ccc(Oc2ccccc2Br)c(OC)c1,11.0,False
1428,COc1cc(F)c(I)cc1F,1.0,True
1430,Clc1ccccc1OCCCOc1cccc(Oc2ccccc2)c1,11.0,False
1434,CCCOc1cccc(Br)c1Oc1ccccc1,11.0,False
1435,Fc1ccc(Cl)c(OCC(F)(F)F)c1,2.0,True
1437,FC(F)Oc1ccc(Br)c2ccccc12,11.0,False
1438,Fc1ccccc1COc1ccccc1Cl,11.0,False
1439,CCOc1cccc(I)c1OC,2.0,True
1440,CC(C)Oc1cccc(Cl)c1OCCC(F)(F)F,11.0,False
1441,FC(F)(F)c1cc(Cl)cc2ccccc12,3.0,True
1443,Nc1ccccc1Oc1cccc(Br)c1Cl,11.0,False
1444,CCCOc1cccc(I)c1OC(F)(F)F,11.0,False
1446,Fc1ccc(OCC(F)(F)F)c(Oc2ccccc2Br)c1,11.0,False
1447,Cc1cc(F)cc(F)c1Oc1ccccc1I,11.0,False
1449,CC(C)C(C)c1ccc(Oc2ccccc2Br)cc1,11.0,False
4167,COc1cc(C)ccc1Br,1.0,True
1626,Clc1cccc2cccnc12,1.0,True
4609,Cc1ccc(OC(C)C)c(Br)c1,1.0,True
1454,FC(F)Oc1cccc(Cl)c1OCCCc1ccccc1,11.0,False
1456,COc1ccccc1COc1c(Br)ccc2ccccc12,11.0,False
2373,Nc1ccccc1Oc1ccccc1Br,1.0,True
1461,FC(F)(F)c1ccccc1CCCOc1ccccc1Br,11.0,False
1462,COc1ccc(F)c(Oc2ccccc2Br)c1,11.0,False
1463,CCOc1cccc(Oc2ccccc2Cl)c1,1.0,True
1464,CC(C)Oc1ccc(CCOc2ccccc2I)cc1,11.0,False
1465,Clc1cccc2cnccc12,1.0,True
1466,CCCCc1cccc(Oc2ccc(Cl)cc2Cl)c1,11.0,False
1467,CC(C)c1ccc(C(F)(F)F)cc1Oc1ccccc1I,11.0,False
1468,Cc1ccncc1Cl,0.0,True
1472,CC(C)(C)COc1cccc(Cl)c1OCC(F)F,11.0,False
1474,FC(F)Oc1cccc(Oc2ccccc2I)c1,11.0,False
1475,CCCCc1ccccc1CCCOc1ccccc1Br,11.0,False
1478,Clc1cc(Cl)cc(Oc2ccccc2I)c1,11.0,False
1479,FC(F)(F)CCCOc1cc(Cl)ccc1Oc1ccccc1Cl,11.0,False
1481,CCOc1ccc2c(I)cccc2c1,11.0,False
1482,COc1cccc(I)c1OCc1cccc(Br)c1,11.0,False
1483,Clc1cccc(Br)c1Oc1ccccc1I,11.0,False
1484,Cc1ccc(C)c(COc2c(I)ccc(C)c2OCC2(C)CCCCC2)c1,7.0,True
1485,CC(C)(C)c1ccc(Cl)c(OC2CCCC2)c1,2.0,True
2614,COc1ccc(C(F)(F)F)cc1Cl,5.0,True
1489,COc1ccc(C)cc1Cl,2.0,True
1491,Oc1cccc(COc2ccccc2Br)c1,11.0,False
1495,COc1cc(-n2cccc2)ccc1Cl,1.0,True
1496,Cc1cc(C)c(O)c(Cl)c1,2.0,True
1499,N#Cc1ccc(F)c(Cl)c1,2.0,True
1500,Clc1ccccc1OCC1CCCCCC1,11.0,False
1501,O=C(CCCOc1ccccc1Cl)c1ccccc1,11.0,False
1502,Clc1cc(Cl)c2ccccc2c1Cl,1.0,True
5183,OCCCCOc1ccccc1I,1.0,True
1504,CC(C)Oc1cccnc1Br,11.0,False
1505,Clc1cccnc1Oc1cccc(Br)c1Cl,11.0,False
1506,FC(F)(F)Oc1ccccc1COc1ccccc1Br,11.0,False
5045,FC(F)(F)c1cccnc1Oc1ccccc1Br,5.0,True
1509,COc1cccc(I)c1OC,1.0,True
5737,Clc1cc(Cl)c(Cl)c(Oc2ccccc2Cl)c1,3.0,True
1516,COc1cccc(-c2ccccc2Cl)c1O,6.0,True
1517,Oc1c(Br)cccc1C1CCCCCC1,11.0,False
4168,COc1ccc(COc2ccccc2Cl)c(Cl)c1Cl,5.0,True
1522,CCOc1ccc(F)cc1Cl,1.0,True
1523,Brc1ccccc1OCC1CCCO1,11.0,False
1524,Brc1ccccc1I,2.0,True
1525,Oc1cccc2c(I)nccc12,11.0,False
1526,Oc1cccc(Cl)c1O,1.0,True
1529,O=c1cccnn1Cc1cc(Cl)c(F)c(Br)c1,1.0,True
1532,CC(=O)c1ccccc1-c1ccc(F)c(Br)c1,11.0,False
2491,Cc1cc(Cl)ccc1Br,1.0,True
1534,FC(F)Oc1cccc(Cl)c1OC(F)(F)F,4.0,True
5493,Cc1cccc(C)c1COc1c(C)cccc1I,2.0,True
1538,Brc1cccc(Br)c1,1.0,True
1539,COc1cccc(C(F)(F)F)c1C(C)Oc1ccccc1Br,11.0,False
1540,O=[N+]([O-])c1ccccc1Cl,1.0,True
1541,CCCc1ccccc1CCOc1ccccc1Cl,11.0,False
1543,CC(C)(C)CCOc1c(I)cccc1C(F)(F)F,11.0,False
1548,COc1cc(Cl)cc(Cl)c1OC,2.0,True
1549,Fc1ccc(I)c(C(F)(F)F)c1F,3.0,True
1551,CCC1(COc2ccccc2Br)CCCC1,11.0,False
1553,CC(C)(C)Oc1cccc(Oc2ccccc2Cl)c1,11.0,False
1554,Cc1c(I)cccc1OC(F)(F)F,2.0,True
1556,Cc1ccccc1Oc1cccc(I)c1C,4.0,True
1559,Nc1ccc(Br)c(C(F)(F)F)c1,1.0,True
4864,Oc1cccc(Cl)c1F,1.0,True
1562,Cc1cccc(I)c1OCCCc1cccnc1,11.0,False
1563,Ic1ccccc1OCCc1ccco1,11.0,False
5715,Cc1c(Br)ccc(O)c1Cl,1.0,True
1567,CC(C)(C)C1CC1(C)COc1c(F)cccc1Cl,11.0,False
5798,Cc1cc2ccccc2cc1Cl,2.0,True
1570,FC(F)(F)COc1cccc(Cl)c1OCCCc1ccccc1,11.0,False
3466,FC(F)(F)c1ccccc1Oc1c(Br)cccc1C(F)(F)F,4.0,True
1572,NC(=O)c1c(F)ccc(Br)c1F,2.0,True
1574,FC(F)COc1cccc(Cl)c1OC(F)(F)F,11.0,False
1575,Fc1c(I)cccc1Oc1ccccc1OC(F)F,11.0,False
4660,Clc1cccc2ccncc12,2.0,True
1578,FC(F)(F)COc1c(Cl)cccc1Br,11.0,False
1579,CCCOc1c(Cl)cccc1OC,11.0,False
1584,FC(F)(F)Oc1cccc(Br)c1C(F)(F)F,11.0,False
3608,FC(F)Oc1ccc(I)c2cccc(Br)c12,5.0,True
1586,Cc1c(Cl)cccc1OCC(C)C,1.0,True
1588,FC(F)Oc1c(Br)cccc1OCCn1ccnc1,11.0,False
1591,Oc1c(I)cccc1OC(F)(F)F,2.0,True
1593,CC(C)Oc1c(Br)cccc1I,1.0,True
1595,CCCCOc1c(Cl)cccc1OC,11.0,False
1596,Clc1ccccc1C1CCCC1,11.0,False
1597,FCCOc1cccc(Oc2ccccc2Br)c1,11.0,False
1599,CCCCOc1cccc(I)c1C(F)(F)F,11.0,False
3360,O=[N+]([O-])c1ccc(Cl)c(OC2CCCC2)c1,0.0,True
1601,Fc1c(Cl)ccc(C(F)(F)F)c1F,0.0,True
1602,Cc1c(Cl)cccc1C(F)(F)F,0.0,True
1606,CC(C)NCCOc1ccccc1Cl,11.0,False
1608,FC(F)(F)c1ccccc1Oc1ccc(Oc2ccccc2I)cc1,11.0,False
1611,Cc1ccc(F)c(Oc2ccccc2Cl)c1F,11.0,False
1615,Fc1cccc(Oc2ccccc2I)c1,11.0,False
1616,Cc1ccc(Cl)c(Cl)c1C,0.0,True
3289,O=[N+]([O-])c1cccc2cccc(Cl)c12,1.0,True
1618,Oc1cccc(Oc2ccccc2Br)c1,11.0,False
1619,Cc1ccc(COc2ccccc2I)cc1Cl,11.0,False
1622,CCc1cccc(Cl)c1OCc1cccc(C(F)(F)F)c1,11.0,False
1623,CC(C)c1ccc(COc2ccccc2Cl)cc1,11.0,False
1624,Brc1ccc(Oc2cccnc2)c(Br)c1,11.0,False
1625,CCCCOc1c(Cl)cccc1I,2.0,True
1627,Brc1ccc2c(ccn2CCOc2ccccc2Br)c1,11.0,False
1629,FC(F)(F)Oc1cccc(COc2ccccc2I)c1,11.0,False
1631,Clc1ccc(Oc2ncccc2I)c(Cl)c1,2.0,True
4466,COc1ccc2cc(I)c(F)cc2c1,1.0,True
1633,COc1cccc(I)c1OCc1ccccc1Cl,4.0,True
1635,CCCCOc1c(Br)cccc1I,11.0,False
1636,CC(C)(C)COc1c(Cl)cccc1Br,11.0,False
1637,Fc1ccc(Cl)c(OC(F)F)c1,2.0,True
1638,Clc1cccc(OCc2ccccc2Cl)c1,11.0,False
2488,CCC(C)Oc1ccccc1Br,0.0,True
1640,Clc1ccccc1OCc1c(Cl)ccc(Cl)c1Cl,11.0,False
1644,Fc1cccc(F)c1COc1ccccc1Br,11.0,False
1645,CC(C)(C)c1ccccc1COc1ccccc1I,11.0,False
1648,Clc1cccc(COc2ccccc2Br)c1Cl,11.0,False
4742,FC(F)(F)Oc1c(I)ccc(C(F)(F)F)c1Cl,4.0,True
1654,O=[N+]([O-])c1ccc(Oc2ccccc2Cl)c(Cl)c1,11.0,False
1655,Cc1c(Cl)cccc1[N+](=O)[O-],1.0,True
1660,COc1ccc(Oc2ccccc2Br)cc1Cl,11.0,False
1662,CC1(C)CCC(CCOc2ccccc2Br)CC1,11.0,False
1665,FC(F)(F)c1ccc(COc2ccccc2Cl)cc1,2.0,True
1666,Fc1c(I)cccc1OCCCC(F)(F)F,11.0,False
1667,COc1ccc(COc2ccccc2Cl)cc1OCCCC(F)(F)F,11.0,False
1668,Ic1ccccc1Oc1cccc(Cn2cccn2)c1,11.0,False
1669,CCCOc1cc(OC)ccc1Cl,11.0,False
1670,COc1ccc(Br)c(F)c1OC(F)(F)F,11.0,False
1671,CCCCOc1ccc2cccc(Br)c2c1,11.0,False
5993,Fc1cc(Oc2ccccc2Cl)c(F)c(F)c1F,4.0,True
1676,COc1ccc(Br)c(Cl)c1,2.0,True
1677,Cc1ccc(F)cc1COc1ccccc1I,11.0,False
1679,FC(F)Oc1c(I)cccc1OC(F)(F)F,11.0,False
1680,COc1cccc(I)c1OCC1(CCc2ccccc2)CCCCC1,11.0,False
1683,COc1cc(I)c(Cl)c(F)c1OC,2.0,True
1685,FC(F)Oc1c(Br)ccc(Cl)c1Cl,2.0,True
1686,CCC(Oc1ccccc1Br)c1ccccc1,11.0,False
1687,CCCOc1ncccc1Br,11.0,False
1689,Oc1c(Cl)cccc1OCF,11.0,False
1690,COc1cccc(Br)c1COc1ccccc1Cl,11.0,False
1691,FC(F)(F)COc1cnccc1Cl,11.0,False
1692,Clc1ccccc1Oc1ccc(Cc2ccccc2)cc1,3.0,True
2927,COc1ncccc1Cl,3.0,True
1694,Cc1ccc(Cl)c(C)c1,1.0,True
2904,Clc1ccccc1Oc1c(Cl)cccc1Cl,3.0,True
1698,CCCCOc1ccc(OCCC)c(Cl)c1,11.0,False
1700,Fc1cc(Br)c(C(F)(F)F)cc1F,2.0,True
1701,Fc1ccc(Br)c2cccc(CCNc3ccccn3)c12,11.0,False
1708,COc1c(Cl)cccc1-c1ccccc1Br,11.0,False
3806,Cc1ccc(C)c(Oc2ccccc2Cl)c1,4.0,True
1713,Cc1cccc(COc2c(Cl)ccc3ccccc23)c1,11.0,False
1715,CCCCOc1cccc(Br)c1OCCCC,11.0,False
1717,CC(C)Oc1cccc(Br)c1OCC(F)(F)F,11.0,False
1719,CC(C)Oc1cccc(COc2ccccc2Oc2ccccc2Cl)c1,11.0,False
2951,COc1ccccc1Oc1ccccc1Cl,3.0,True
1721,FC(F)(F)Oc1ccccc1Br,1.0,True
2277,O=[N+]([O-])c1cccc(Oc2ccccc2Cl)c1,3.0,True
1725,CCCCOc1c(Br)cccc1[N+]C(F)(F)F,11.0,False
4199,COc1ccc(F)c(Br)c1,0.0,True
1728,CC(C)(C)c1ccccc1Oc1ncccc1Br,11.0,False
1729,CCOc1c(C)cccc1I,2.0,True
5379,COc1ccc(CNc2ccccc2Oc2ccccc2Br)cc1OC,5.0,True
1733,Fc1cccc(Br)c1OCc1cccc(C(F)(F)F)c1,11.0,False
1735,FC(F)Oc1ccc(Oc2ccccc2Cl)cc1Cl,11.0,False
4761,Fc1ccc(Cl)c(F)c1F,1.0,True
5347,Clc1cc(I)c(Cl)cn1,0.0,True
1738,CC(F)(F)COc1ccccc1Br,11.0,False
1739,Brc1ccccc1Oc1ccccc1,11.0,False
1744,COc1cc(CCOc2ccccc2Br)cc(C(F)(F)F)c1OC,11.0,False
1746,FC(F)Oc1ccccc1OCc1ccncc1I,4.0,True
4528,COc1ccc(OCc2c(C)cccc2C)c(Br)c1,2.0,True
1748,FC(F)(F)Oc1ccc(C(F)(F)F)cc1Cl,2.0,True
1751,Brc1ncccc1-c1ccncc1,1.0,True
1753,CCCOc1cc(Oc2ccccc2Cl)ccc1Cc1ccccc1Cl,11.0,False
5773,Fc1c(I)cccc1Oc1ccccc1C(F)(F)F,2.0,True
1760,CC1(COc2ccccc2I)CCC(Oc2ccccc2)C1,11.0,False
1762,COc1cccc(COc2ccccc2Cl)c1OC,11.0,False
5036,Fc1ccc(C(F)(F)F)cc1Cl,1.0,True
1765,FC(F)(F)c1cc2cnccc2cc1Cl,11.0,False
5171,Fc1ccc(Br)c2ccccc12,2.0,True
2699,Fc1cc(Cl)c(Cl)cc1Br,0.0,True
1769,Brc1ccccc1Oc1ccccn1,5.0,True
1770,COc1cccc(OC)c1Cl,2.0,True
1771,COc1cc(O)c(Cl)cc1Cl,1.0,True
1773,CC(C)(C)c1ccccc1Oc1ccccc1Br,11.0,False
1774,CC(C)Oc1c(Br)cccc1C#N,1.0,True
1776,COc1ccc(Cl)c(OC(F)F)c1,11.0,False
1777,COc1ccc(COc2ccccc2I)cc1C(F)(F)F,11.0,False
1779,FC(F)(F)c1cccc2cccc(Cl)c12,11.0,False
3255,Cc1cc(C)cc(Oc2ccccc2Cl)c1,4.0,True
1783,CC(=O)NCCOc1ccccc1Br,11.0,False
5373,Cc1c(Cl)ccc2cccc(-c3cccnc3)c12,3.0,True
1788,Ic1ccccc1OCCc1ccccn1,11.0,False
1789,COc1ccccc1COc1c(Br)cccc1OC,11.0,False
1790,COc1ccc(CCOc2ccccc2Cl)cc1OC,11.0,False
4165,Clc1ccc(Oc2ccccc2)c(Cl)c1,1.0,True
1796,Cc1cccc(C)c1CCCOc1c(C)cccc1Cl,11.0,False
1797,FC(F)(F)c1cccc(Oc2ccccc2Cl)c1Cl,6.0,True
5849,N#Cc1cccnc1I,3.0,True
1801,Fc1ccc(Oc2ccccc2Br)c(Oc2ccccc2)c1,11.0,False
1805,CC(C)Oc1c(O)cccc1Br,1.0,True
1806,CCOc1cc(Oc2ccccc2Br)c(C)c(Cl)c1C,11.0,False
1807,FC(F)Oc1cccc(Cl)c1,2.0,True
1808,Brc1ccccc1COc1ccccc1I,11.0,False
1809,FC(F)(F)c1ccc2c(Cl)cccc2c1,11.0,False
1810,FC(F)(F)COc1ccc2c(I)cccc2c1,11.0,False
1814,CC(CCc1cc(F)ccc1F)Oc1ccccc1Cl,11.0,False
1818,FC(F)(F)c1cccc(Cl)c1OCCc1ccccc1,11.0,False
4484,Cc1ccccc1COc1cccc(I)c1Cl,2.0,True
1820,Fc1cccc(COCCCOc2ccccc2Br)c1,11.0,False
3881,COc1cccc(I)c1C,1.0,True
1823,CCc1cccc(COc2ccccc2Cl)c1,11.0,False
1824,COc1cccc(F)c1Oc1c(Cl)cccc1OC,3.0,True
1825,Cc1ccncc1COc1c(I)ccc(O)c1C,11.0,False
1826,Fc1ccc(OCC(F)(F)F)c(I)c1,11.0,False
1827,Fc1ccc(F)c(Cl)c1,1.0,True
5863,CC(C)Oc1cccc(I)c1OC(F)(F)F,3.0,True
1829,COc1ccccc1-c1ccc(Br)c2ccccc12,11.0,False
1830,Clc1ccc2cc(Nc3ncccc3I)ccc2c1,11.0,False
2649,COc1cccc(Cl)c1[N+](=O)[O-],2.0,True
1835,CCOc1ccc(Oc2ccccc2Br)cc1,11.0,False
1838,COc1c(I)cccc1OCF,11.0,False
1841,CC(=O)c1ccc(Oc2ccccc2Cl)c(C(F)(F)F)c1,11.0,False
1842,COc1cc(OC)cc(Oc2cccc(Br)c2Cl)c1,11.0,False
1843,Nc1cccc(I)c1OC(F)F,11.0,False
1848,CCCCOc1ccccc1Cl,1.0,True
1849,Cc1cccc(C(F)(F)F)c1COc1ccccc1Cl,11.0,False
1850,FCCCCOc1c(Cl)cccc1Cl,3.0,True
1851,CCCc1ccc(Oc2ccccc2I)cc1,3.0,True
1852,CCCCOc1ccc(C(F)(F)F)cc1Oc1ccccc1I,11.0,False
1853,Cc1ccc(C)c(-c2ccc(Oc3ccccc3Br)cc2)c1,11.0,False
3391,O=[N+]([O-])c1cccc(Br)c1OC(F)(F)F,2.0,True
1860,Oc1ccc(CCOc2ccccc2Cl)cc1,11.0,False
3735,FC(F)(F)Oc1c(Cl)cccc1C1CCCCC1,4.0,True
1864,Brc1ccc(Oc2ccccc2I)cc1,11.0,False
1865,Fc1c(I)cccc1OC(F)(F)C(F)F,11.0,False
4187,Clc1nccc2ccccc12,1.0,True
1871,COc1cccc(I)c1OCc1cccc(C)c1,11.0,False
1874,CCCc1ccc(C)c(C)c1Oc1ccccc1Br,11.0,False
1880,Cc1ccc(Cl)c2ccccc12,2.0,True
1881,CC(C)c1cccc(C(F)(F)F)c1Oc1ccccc1Br,11.0,False
5370,Oc1ccccc1Br,1.0,True
1883,FCCCCOc1c(Cl)ccc2ccccc12,11.0,False
1885,CCCOc1c(Br)cccc1CC,11.0,False
1886,CCCOc1cccc(Cl)c1Oc1ccccc1C,11.0,False
1889,CCCCOc1cc(OCCC)ccc1I,11.0,False
1891,CC(C)c1cccc(Br)c1C(F)(F)F,3.0,True
1894,Clc1ccccc1OCCc1c(Cl)ccc(Cl)c1Cl,11.0,False
1896,COc1cccc(I)c1Oc1cccc(N)c1F,3.0,True
1897,CC(C)Oc1cccc(Cl)c1Cl,11.0,False
1900,O=c1[nH]ccc2cc(I)c(F)cc12,11.0,False
1901,CCCOc1c(Cl)cccc1C(F)(F)F,11.0,False
1902,Fc1cccc(OCC2CCCO2)c1Oc1ccccc1I,11.0,False
5641,Cc1cccc(Br)c1OC(C)C,1.0,True
4969,Fc1ccc2cccc(I)c2c1,1.0,True
1907,COc1cc(OCCCCC(F)(F)F)ccc1I,11.0,False
6034,Cc1c(Br)cc2ccccc2c1C,1.0,True
1910,Cc1c(Br)ccc(F)c1Cl,2.0,True
1911,Ic1ncccc1-c1ccccc1,11.0,False
4200,Clc1cnccc1I,1.0,True
1915,Cc1cc(Cl)c(Cl)cc1Oc1ccccc1Br,11.0,False
1916,Clc1ccccc1Oc1ccccc1Cc1ccccc1,3.0,True
1917,Fc1ccc(CCCCOc2ccccc2Br)cc1,11.0,False
1918,CC(C)Oc1cccc(Br)c1OCc1ccc(Cl)c(Cl)c1,11.0,False
1919,CC(C)Oc1ccc(Br)c(O)c1,11.0,False
1920,Ic1ccccc1OCc1cccnc1,11.0,False
2610,CCCc1ncccc1Cl,1.0,True
1924,Cc1c(O)cccc1Oc1ccccc1I,11.0,False
5840,Oc1ccc(Br)c(-c2ccccc2)c1,1.0,True
1927,Fc1cc(Cl)c(Cl)cc1Oc1ccccc1Cl,11.0,False
1928,Fc1c(Br)cccc1OCC(F)(F)F,11.0,False
1932,FC(F)(F)Oc1ccc(OC(F)(F)F)c(Cl)c1,11.0,False
1933,CC1(C)CC1COc1ccccc1Br,11.0,False
1937,FCCCCOc1ccccc1I,2.0,True
1939,FC(F)(F)COc1c(I)cccc1C(F)(F)F,11.0,False
1941,Nc1ccc(I)c(OCC(F)(F)F)c1,11.0,False
1942,CC(C)Oc1cccc(Oc2ccc(F)c(Br)c2)c1,11.0,False
4295,COc1cc(I)c(OC)c(OC)c1,5.0,True
1947,CC(=O)c1cccc(Br)c1OCc1ccc(OC(F)(F)F)c(OC(F)F)c1,11.0,False
1948,N#Cc1cccc(I)c1OC(F)F,2.0,True
1950,Ic1cc(-c2cccnc2)cc2ccccc12,3.0,True
1951,CC(C)(C)c1cccc(Br)c1Oc1ccccc1,11.0,False
1952,CCC(C)Oc1c(I)cccc1[N+](=O)[O-],11.0,False
1953,FC(F)(F)c1c(Br)cccc1Oc1ccccc1I,11.0,False
5231,CSc1ccccc1Oc1ccccc1Br,2.0,True
1956,CCOc1cc(COc2ccccc2I)ccc1OC,11.0,False
1957,CC(C)c1ccc(Oc2ccccc2Cl)cc1,11.0,False
1958,Clc1ccccc1ONCc1ccccc1,11.0,False
1961,Cc1ccccc1SCCCOc1ccccc1Cl,11.0,False
1965,Cc1c(Cl)ccc(Oc2ccccc2Cl)c1Cl,3.0,True
1967,COc1cccc(Br)c1I,3.0,True
1970,CCOc1ccc(I)c(O)c1,11.0,False
4132,Nc1cccc(Cl)c1Cl,0.0,True
1977,CCCC1(COc2ccc(F)cc2Cl)CCCCC1,11.0,False
5393,COc1c(C)cccc1I,1.0,True
1980,CC(C)(C)c1cc(Oc2ccccc2I)c(F)cc1F,11.0,False
1984,CCOc1cc(OC(C)C)ccc1Br,11.0,False
2157,CCCCc1ccccc1I,2.0,True
1992,FC(F)(F)c1ccccc1Oc1c(Cl)cccc1I,2.0,True
1994,Cc1c([O-])cccc1I,11.0,False
4926,Oc1c(I)ccc2ccccc12,1.0,True
1996,Cc1cccc(Cl)c1Oc1ccccc1I,11.0,False
1999,FC(F)(F)COc1cccc2c(Br)cccc12,11.0,False
2000,Brc1cccc2occc12,0.0,True
2293,FC(F)Oc1ccc(OC(F)(F)F)cc1Cl,0.0,True
2004,Fc1cc(Cl)c(Cl)cc1F,1.0,True
2007,CCCOc1ccccc1-c1cc(C(C)(C)C)ccc1Cl,11.0,False
2008,FC(F)(F)c1cc(Oc2ccccc2Cl)ccc1Br,6.0,True
2010,COc1ccccc1OCCOCc1ccccc1I,11.0,False
2011,COc1ccccc1COc1c(Br)cccc1OC(F)(F)F,11.0,False
2012,O=[N+]([O-])c1cccc(Cl)c1OCC(F)(F)F,11.0,False
2014,Clc1cccc(CCOc2ccccc2Cl)c1,11.0,False
2017,CCCOc1ccc(Cl)c(OC)c1,1.0,True
2021,FC(F)Oc1cccc(I)c1OCc1ccccc1,11.0,False
2022,Clc1ccc(-c2ccoc2)c2ccccc12,4.0,True
2023,COc1cncc(Oc2ccc(Cl)cc2I)c1,11.0,False
2024,FC(F)(F)OCCOc1ccccc1Cl,11.0,False
3024,Cc1cccc(COc2ccncc2Br)c1C,2.0,True
2028,Cc1cccc(Cl)c1OCC(F)F,11.0,False
2029,FCCCOc1ccc(Oc2ccccc2Br)c(C(F)(F)F)c1,11.0,False
5193,COc1cccc(Br)c1C(C)C,3.0,True
2036,CC(C)(O)COc1ccccc1I,1.0,True
2037,COc1ccc(OC)c(Br)c1,1.0,True
2039,CCOc1ccc(Cl)c(OC(F)(F)F)c1,11.0,False
2041,CCCCOc1c(Cl)cccc1C(F)(F)F,11.0,False
2046,Ic1ccccc1OC1CCCc2ccccc21,11.0,False
2049,CCCCOc1cccc(C(=O)CC)c1Oc1ccccc1Br,11.0,False
2054,Clc1ccccc1OC1CCCCCC1,1.0,True
2055,Fc1ccc(F)c(Oc2nc(Cl)ccc2I)c1,11.0,False
5461,Cc1cccc(F)c1Oc1ccccc1Br,1.0,True
2057,Fc1ccc(Cl)c(C(F)(F)C(F)(F)F)c1,11.0,False
2061,Oc1ccc(I)c(O)c1Cl,1.0,True
6001,Fc1ccc(Oc2ccccc2Br)c(F)c1,1.0,True
2065,Fc1cccc(Cl)c1Oc1ccccc1,11.0,False
2066,CC(C)=CCc1ccc(C(F)(F)F)c(Oc2ccccc2Cl)c1,11.0,False
5533,COc1ccccc1Oc1c(N)cccc1Cl,2.0,True
2074,Cc1ccccc1CCOc1ccccc1Cl,3.0,True
2078,Cc1ccncc1Oc1ccccc1Br,11.0,False
2080,CC(C)(C)Sc1ccccc1Cl,11.0,False
2081,CCCCOc1c(Br)ccc(OC)c1OC,11.0,False
3856,CC(C)Oc1ccc(I)c(N)c1,3.0,True
2083,CCOc1c(I)cccc1OC,2.0,True
2085,COc1c(Cl)cc(Cl)cc1Cl,2.0,True
4775,COc1ccc(COc2c(Cl)cccc2OC)cc1OC,5.0,True
5472,FC(F)(F)c1cnccc1Cl,2.0,True
2091,CCOc1ccc(C(C)(C)CC(F)(F)F)c(Cl)c1,11.0,False
3139,COc1cc(Br)c2ccccc2c1,1.0,True
4590,O=[N+]([O-])c1cccc(Cl)c1F,2.0,True
2102,COc1cccnc1Br,2.0,True
2105,FC(F)(F)c1ccccc1Oc1cc2ccccc2cc1Cl,5.0,True
2116,Cc1cccc(Cl)c1OC(F)F,1.0,True
2118,CCCOc1c(Br)cccc1OC(C)C,11.0,False
2120,COc1cccc(I)c1OCCF,2.0,True
2121,Fc1cc(I)c(OCC(F)(F)F)cc1F,11.0,False
5803,COc1cc(COc2ccccc2OC)ccc1Cl,2.0,True
2128,CCOc1ccc(Br)c2ccccc12,11.0,False
2130,CCOc1cccc(I)c1F,11.0,False
2131,Fc1cc(Cl)cc(Cl)c1Oc1ccccc1Cl,11.0,False
2133,Ic1cccc(Oc2ccccc2)c1,0.0,True
5339,FCc1ccccc1-c1ccccc1I,4.0,True
2135,FC(F)(F)c1cccc(I)c1,2.0,True
2136,Cc1ccccc1COc1ccccc1I,3.0,True
2916,Fc1ccc(Br)c(Br)c1,1.0,True
2139,FC(F)Oc1cccc(I)c1OCCCC(F)(F)F,11.0,False
5088,Cc1ccc(Br)c(Cl)c1,1.0,True
3553,FC(F)Oc1c(Br)cccc1I,6.0,True
2150,Cc1cc(COc2ccccc2Br)ccc1Cl,11.0,False
2152,COc1cccc(Oc2ccccc2I)c1F,11.0,False
2155,Fc1cc(C(F)(F)F)ccc1COc1ccccc1I,11.0,False
2158,COc1cccc(-c2ncccc2Cl)c1C,11.0,False
2160,COc1ccc(Br)c(OC)c1OCCCC(C)C,11.0,False
2164,COc1ccccc1C=CCOc1c(I)cccc1OCC(F)F,11.0,False
2165,Clc1ccc(Br)c(OCCc2ccccc2)c1,11.0,False
2167,Cc1cc(Cl)cc(Br)c1Cl,2.0,True
2169,COc1cc(C)ccc1Oc1ccccc1I,11.0,False
5137,Fc1ccc2ccccc2c1Cl,1.0,True
5559,Oc1ccccc1OCc1ccccc1Br,5.0,True
2176,CC(C)c1ccccc1Cl,1.0,True
2184,FC(F)(F)Oc1cccc(Br)c1,1.0,True
4586,CC(C)(C)c1ccccc1Oc1ccc(F)cc1Br,1.0,True
2187,Oc1cc(F)ccc1Br,1.0,True
2471,CCOc1ccccc1Br,1.0,True
2308,COc1ccc(Cl)c(F)c1,2.0,True
6204,COc1cccc(O)c1Cl,1.0,True
3348,Clc1ccccc1Nc1ccncc1,2.0,True
2201,FC(F)(F)c1cc(Cl)ccc1Oc1ccccc1I,11.0,False
2205,CCCOc1ccc(Cl)cc1Cl,11.0,False
2206,CC(C)(C)c1ccc(F)c(Oc2cc(OCc3cccc(F)c3F)ccc2I)c1,11.0,False
2207,COc1cc(C(C)(C)C)ccc1Cl,0.0,True
2210,Cc1cccnc1COc1ccccc1I,11.0,False
2213,Cc1c(COc2ccccc2I)ccc(Cl)c1Cl,11.0,False
2767,COc1c(Oc2ccccc2Br)ccc(C)c1Cl,2.0,True
2218,CCOc1ccc(-c2ccccc2Br)cc1OC,11.0,False
4921,FC(F)Oc1ccc(C(F)(F)F)cc1Cl,5.0,True
2228,CCCOc1cc(C(F)(F)F)ccc1Br,11.0,False
2233,Ic1ccccc1Oc1nccc2ccccc12,11.0,False
2235,CCCCOc1c(Cl)cccc1C(C)(C)C,11.0,False
2260,FC(F)Oc1ccc(Br)c(C(F)(F)F)c1,1.0,True
2238,COc1c(Br)cccc1C(C)(C)C,11.0,False
2244,COc1ccc(OC)c(Oc2c(N)cccc2Br)c1,11.0,False
2245,CCCOc1ccc(Oc2ccccc2I)c(OCC)c1,11.0,False
2246,COc1ccc(I)c(OCCC(C)C)c1,11.0,False
2249,COc1cccc(Br)c1OCCCS(C)(=O)=O,11.0,False
3650,Clc1ccc(Cl)c2ccccc12,2.0,True
2254,O=[N+]([O-])c1cccc(I)c1Oc1ccccc1,11.0,False
2257,FC(F)(F)c1cccc(Oc2ccc(Cl)cc2Cl)c1,5.0,True
2263,COc1ccccc1C(C)(C)Oc1c(Br)cccc1Br,11.0,False
2266,Clc1cc(OCCc2ccccc2)ccc1Br,11.0,False
4109,COc1c(I)cccc1OCCF,2.0,True
2283,Cc1ccc(Cl)cc1CCCOc1ccccc1Br,11.0,False
2526,Clc1c2ccccc2cc2ccccc12,5.0,True
2288,COc1c(Cl)ccc(C(F)(F)F)c1Cl,4.0,True
2289,COc1c(Br)cccc1OC(F)F,3.0,True
2294,Clc1ccccc1Oc1c(Cl)cncc1Cl,11.0,False
5464,COc1ccc(Cl)cc1Cl,2.0,True
2299,Oc1c(Br)cccc1Br,1.0,True
2300,COc1ccccc1Oc1ncccc1Cl,5.0,True
2301,CC(C)(F)Oc1ccccc1Br,11.0,False
2304,Cc1cccc(Cl)c1C,1.0,True
2305,Cc1ccc(COc2ccccc2COc2c(Cl)cccc2Br)cc1C,11.0,False
2306,COc1cccc(-c2ccc(I)c(C)c2)c1,2.0,True
2312,FC(F)(F)Oc1ccccc1Oc1ccccc1Br,11.0,False
2317,CCCOc1c(Br)cccc1C(C)C,11.0,False
2318,Fc1ccc(Cl)c(OCC(F)(F)F)c1F,11.0,False
2320,CC(C)(C)Cc1cccc(Cl)c1O,11.0,False
2324,CC(C)(C)c1ccccc1Oc1c(I)cccc1C(F)(F)F,11.0,False
2326,FC(F)(F)COc1cc(OC(F)(F)F)ccc1Cl,11.0,False
2330,CC(C)(C)c1c(F)cccc1Oc1ccccc1I,11.0,False
2332,Cc1ccncc1COc1ccccc1Br,11.0,False
5632,Clc1ccnc2c(Br)cccc12,3.0,True
2338,Cc1cccc(CCCOc2cccc(I)c2OCC(F)(F)F)c1,11.0,False
2341,COc1ccccc1Oc1cc(Br)ccc1Br,3.0,True
2344,COc1cc(Br)c(F)cc1F,1.0,True
3897,Brc1ccccc1-c1ccccn1,0.0,True
2348,Fc1cccc(I)c1OCCC(F)(F)F,11.0,False
2349,CCOc1ccc(OC)c(Br)c1,11.0,False
2352,Fc1c(I)ccc(OCC2CC2)c1-c1ccccn1,11.0,False
2353,CCCCOc1c(I)cccc1CCCC,11.0,False
2354,COc1ccc(OCc2cccc(Cl)c2)c(Cl)c1,11.0,False
2604,Cc1ccc(C)c(Oc2ccccc2I)c1C,6.0,True
2357,Oc1ccc(Cl)cc1Br,1.0,True
2361,Fc1ccc(Cl)c(OC(F)(F)F)c1,2.0,True
2362,Cc1cc(Cl)ccc1Oc1ccccc1I,11.0,False
2365,Fc1cc(C(F)(F)F)ccc1Oc1ccccc1Cl,11.0,False
2367,CC1CCC(COc2ccccc2I)CC1,11.0,False
2368,CCOc1ccc2ccnc(Cl)c2c1,11.0,False
2370,Fc1cccc(COc2ccccc2I)c1,11.0,False
2372,CCOc1ccccc1-c1cccc(I)c1Cl,11.0,False
2374,CCCCOc1c(Br)cccc1OCF,11.0,False
4770,Cc1c(Oc2ccccc2Cl)ccc(Cl)c1Cl,3.0,True
2377,Cc1cc(F)ccc1I,1.0,True
2379,FC(F)C(F)(F)c1ccccc1Br,11.0,False
2381,Clc1cccc(Br)c1Br,3.0,True
2384,Fc1ccc(Oc2ccc(C(F)(F)F)cc2Cl)cc1,11.0,False
2389,Fc1ccc(Br)c(OCc2ccccc2OC(F)F)c1,11.0,False
2391,CCOc1ccc(COc2ccccc2Cl)cc1,11.0,False
4819,Oc1ccccc1Oc1ccccc1Cl,4.0,True
2393,FC(F)Oc1ccc(Cl)c(OC(F)F)c1,11.0,False
3320,Brc1cccc2c(Br)cccc12,2.0,True
2402,CC(F)(F)c1ccccc1Oc1ccccc1I,11.0,False
2406,Cc1cc(C)c(COc2ccccc2I)c(C)c1,11.0,False
2409,COc1cccc2cccc(Br)c12,1.0,True
2412,COc1c(Cl)cccc1CCC(F)(F)F,11.0,False
2416,COc1ccc(Br)c(OC)c1OC,5.0,True
2690,COc1ccc2ccc(Cl)c(F)c2c1,2.0,True
2423,Oc1ccccc1-c1ccccc1Br,11.0,False
4139,COc1cc(F)c(F)cc1Br,1.0,True
3390,COc1cccc(Oc2cccnc2Br)c1OC,5.0,True
2426,FC(F)(F)Oc1ccc2c(Cl)cccc2c1,11.0,False
5097,FC(F)Oc1cccc(Cl)c1C(F)(F)F,2.0,True
2436,FC(F)(F)CC(F)(F)COc1ccccc1I,11.0,False
5953,Nc1cccc(Br)c1OC(F)(F)F,0.0,True
2441,COc1ccc(O)cc1Br,2.0,True
5660,COc1cc(F)c(I)cc1OC,1.0,True
2447,CCC(C)Oc1cccnc1I,11.0,False
2448,FC(F)c1ccc(Oc2ccccc2Cl)cc1,11.0,False
3068,Cc1cccc(Br)c1,2.0,True
2454,FC(F)Oc1ccc(OCc2ccccc2Cl)cc1,11.0,False
2455,CC(C)Oc1cccc(I)c1OCc1ccccc1,11.0,False
2456,Nc1cccc(-c2ncccc2Br)c1,11.0,False
2460,Cc1cc(F)c(Oc2c(C)cccc2I)cc1C(C)(C)C,11.0,False
4040,Fc1ccc(Cl)c(C(F)F)c1,2.0,True
2466,Cc1cc(O)ccc1I,1.0,True
2467,FC(F)(F)c1cccc(Cl)c1COc1ccccc1I,11.0,False
2468,CC(C)(C)CCCOc1ccccc1I,11.0,False
2473,COc1cc(COc2ccccc2Cl)c(C(F)(F)F)cc1Oc1ccc(C(F)(F)F)cc1Cl,11.0,False
2481,FC(F)(F)C1(CCOc2ccccc2Cl)c2ccccc2-c2ccccc21,11.0,False
2484,Cc1cc(Br)c2ccccc2n1,1.0,True
2485,Cc1cccc(I)c1Oc1ccccc1Cl,11.0,False
2486,CCOc1ccc(Cl)c(Oc2ccc(Cl)cc2)c1,11.0,False
2493,Ic1ccccc1Oc1cccs1,11.0,False
2494,CCOc1cc(OC(F)F)ccc1I,11.0,False
2496,COc1cc2c(I)cccc2cc1OC(F)F,11.0,False
5352,Cc1cccc(Cl)c1N,2.0,True
2503,Clc1cccc2c(-c3ccccc3)cccc12,11.0,False
2506,COc1ccc(OC(F)F)c(I)c1,11.0,False
2509,Brc1ccccc1OC1CCCCC1,11.0,False
2511,Clc1cccc(COc2ccccc2I)c1Br,11.0,False
2513,FC(F)Oc1ccccc1-c1ccccc1Br,11.0,False
4796,Nc1cccc2c(Cl)c(Br)ccc12,1.0,True
2515,FC(F)(F)c1cccc(I)c1Oc1ccccc1,2.0,True
2518,Cc1c(Cl)ccc(C(F)(F)F)c1Oc1ccccc1Br,11.0,False
4874,FCCOc1ccc(F)cc1Br,1.0,True
2527,CC(C)Oc1cccc(I)c1O,11.0,False
3274,N#Cc1ccccc1Br,0.0,True
3091,N#Cc1c(F)cc(Cl)cc1Cl,1.0,True
2538,FC(F)COc1ccccc1Oc1ccccc1I,11.0,False
2540,CC(C)(C)c1ccccc1Oc1ccc(Cl)c(Cl)c1,11.0,False
2541,FC(F)(F)C(F)(F)Oc1ccccc1Br,11.0,False
4876,Fc1ccc(Cl)c(Cl)c1F,1.0,True
4508,COc1c(F)ccc(Br)c1F,2.0,True
2548,Fc1cccc(Br)c1OCC(F)(F)F,11.0,False
2554,Brc1cccc2n[nH]cc12,2.0,True
4239,Cc1c(F)ccc(F)c1COc1ccccc1Br,7.0,True
2556,FC(F)(F)c1cccc(COc2ccc(Br)cc2I)c1,11.0,False
2558,CC(C)(c1ccc(Oc2ccccc2Br)c(F)c1)C(F)(F)F,11.0,False
2565,COc1ccc(Cl)c(Oc2ccccc2)c1,11.0,False
2568,FC(F)(F)c1ccc(Oc2ccccc2Br)cc1Cl,11.0,False
2570,COc1ccc(CCCOc2ccccc2Br)cc1,11.0,False
2574,COc1cccc(C(F)(F)F)c1Oc1cc(I)c(C(F)(F)F)cn1,11.0,False
2580,FC(F)(F)c1ccc(-c2ccc(Oc3ccccc3I)cc2)cc1,11.0,False
2873,CCCc1ccc(Br)c(OC)c1,2.0,True
2588,Brc1ccccc1-n1cncn1,11.0,False
2589,Cc1cccc(Cl)c1OCC(F)(F)F,11.0,False
2590,Fc1cc(C(F)(F)F)ccc1Cl,1.0,True
3115,Fc1cc(OC(F)(F)F)ccc1I,2.0,True
4497,Clc1ccc(Oc2cccc3ccncc23)c(Cl)c1,4.0,True
2597,COc1cccc(Br)c1OCCc1ccc(Cl)c(Cl)c1,4.0,True
2598,CCCOc1c(I)cccc1C#N,11.0,False
2603,Cc1c(Cl)cccc1Oc1n[nH]c(=O)cc1Cl,11.0,False
2606,CC1(F)CCC(COc2ccccc2Br)CC1,11.0,False
2608,CCCOc1ccccc1Cl,11.0,False
2609,Oc1ccc(O)c(Br)c1,1.0,True
2616,Oc1ccc(Oc2ccccc2Br)cc1,11.0,False
2620,Ic1cccc2ncccc12,2.0,True
4392,COc1cccc(I)c1F,1.0,True
2624,CCCOc1c(C)cccc1Cl,1.0,True
4882,O=[N+]([O-])c1cccnc1Oc1ccccc1Cl,2.0,True
2630,N#Cc1ccccc1COc1c(Br)cccc1C(F)F,11.0,False
2631,CCCOc1cccc(Br)c1Cl,1.0,True
2632,CCC(C)(C)COc1ccccc1Br,11.0,False
2633,COc1ccc(I)c(OC)c1OCCCF,11.0,False
2635,CCC1(Oc2ccccc2I)CCCCC1,11.0,False
2643,COc1c(Br)cccc1Nc1cccnc1,11.0,False
2644,COc1cccc(COc2cc(F)ccc2I)c1,5.0,True
2647,COc1cccc(Oc2ccccc2I)c1,11.0,False
5143,FCCOc1c(Br)cccc1Br,2.0,True
2654,FOc1ccccc1Cl,11.0,False
2655,Fc1ccc(OC(F)F)c(Br)c1,1.0,True
2661,CC(Oc1ccccc1Cl)C(F)(F)C(F)(F)F,11.0,False
2662,Cc1ccc(C(C)C)c(NCCOc2ccccc2I)c1Cl,11.0,False
2663,FC(F)(F)Oc1cccc2cccc(Cl)c12,11.0,False
6062,OCCOc1ccccc1Br,1.0,True
2677,Clc1ccccc1-c1sc2cccc(I)c2c1Cl,11.0,False
2679,COc1ccccc1COc1ccccc1Br,11.0,False
2685,Clc1cc(Cl)c(Br)c(Oc2ccccc2Br)c1,8.0,True
2686,CCOc1cccnc1Br,5.0,True
2688,Cc1cccc(Br)c1COc1ccccc1Br,11.0,False
3640,COc1ccc(I)c(Cl)c1Cl,1.0,True
6095,Nc1cccc(Cl)c1F,0.0,True
2696,FC(F)(F)COc1ccc(Oc2ccccc2I)cc1,11.0,False
2700,Clc1ccccc1OCCCOc1ccccc1,11.0,False
2713,CC(C)Oc1c(I)cccc1C(C)(C)C,11.0,False
2716,Clc1ccccc1COc1ccccc1Oc1ccccc1Cl,11.0,False
2722,COc1ccccc1Oc1cccc(Br)c1OC,5.0,True
2723,FC(F)(F)Oc1ccc2c(Br)cccc2n1,11.0,False
2730,CCOc1cc(Oc2ccccc2C(F)(F)F)ccc1Oc1ccccc1Cl,11.0,False
6035,CCCOc1cc(F)ccc1Br,1.0,True
2737,Fc1cccc(COc2ccccc2I)c1Cl,3.0,True
5439,Fc1cccc(F)c1Oc1ccccc1Br,1.0,True
4963,FC(F)(F)c1ccccc1Oc1ncccc1Cl,3.0,True
2745,Clc1ccccc1Oc1ccc2cc1C=CN2,11.0,False
2749,Ic1cnccc1OCc1ccccc1,2.0,True
2750,Nc1cccc(I)c1Oc1ccccc1,11.0,False
2755,CC(F)(F)Oc1ccccc1Br,11.0,False
2758,COc1c(Br)cccc1[N+](=O)[O-],11.0,False
2761,COc1cc2ccccc2cc1Cl,3.0,True
2763,Oc1cc(Oc2ccccc2Br)c(F)cc1F,11.0,False
2768,CCc1c(C)cncc1Cl,2.0,True
2770,CC(C)c1cc(Oc2ccccc2Cl)cc(C(F)(F)F)c1,11.0,False
2788,CCOc1c(F)cccc1Cl,11.0,False
2791,CC(C)(C)c1ncccc1Oc1ccccc1Br,11.0,False
2794,Nc1cc2c(Cl)cccc2cc1I,2.0,True
3116,Nc1cccc(Cl)c1OCCF,1.0,True
2798,CC(C)Oc1cccc(Br)c1N,11.0,False
2799,CS(=O)(=O)Oc1cccc(Oc2ccccc2I)c1,11.0,False
2801,Clc1cc(Cl)cc(COc2ccccc2Br)c1,11.0,False
2802,FC(F)(F)Oc1ccccc1Oc1ccc(C(F)(F)F)cc1Cl,11.0,False
2808,CCCCOc1ccccc1Oc1ccccc1Cl,11.0,False
2819,FC(F)(F)c1ncccc1Oc1ccccc1I,11.0,False
2823,O=[N+](c1ccccc1)c1cc(F)cc(Cl)c1O,11.0,False
2829,COc1ccccc1COc1ccc(Oc2ccccc2Br)cc1,11.0,False
2831,COc1cccc(Cl)c1Nc1ccccc1,11.0,False
2840,COc1ccc(Oc2ccccc2I)c(C(F)(F)F)c1,11.0,False
2844,CCCCOc1c(Cl)cccc1COc1ccccc1I,11.0,False
2845,FCCOc1c(F)cccc1Cl,2.0,True
2846,COc1c(Cl)cccc1OCCCc1c(Cl)ccc(Cl)c1Cl,11.0,False
5568,FC(F)(F)c1cccnc1Cl,2.0,True
2848,COc1ccc(Br)c2cc([N+](=O)[O-])sc12,11.0,False
2849,COc1cc([N+](C)(C)C)ccc1I,11.0,False
2851,Cc1c(Br)cccc1OCC(F)(F)F,11.0,False
2854,COc1cc(Cl)ccc1I,2.0,True
2856,Clc1ccc(CCOc2ccccc2Br)cc1,11.0,False
5217,Fc1cc(F)c(Cl)c(Cl)c1,1.0,True
4989,FC(F)Oc1ccc(I)c(Cl)c1,2.0,True
2862,COc1ccc(Cl)c(OCc2cccc(C)c2)c1,11.0,False
2869,COc1ccc(-c2ccccc2Br)c(C)c1,11.0,False
2875,COc1cc2[nH]ccc2cc1I,2.0,True
2876,FC(F)Oc1cc(Oc2ccccc2Cl)ccc1Cl,11.0,False
2881,Cc1c(Cl)cccc1I,1.0,True
2882,FC(F)(F)CCOc1ccccc1Br,11.0,False
2883,CC1CCC(COc2ccccc2Cl)CN1,11.0,False
2886,Cc1c(Cl)cccc1-c1ncccc1Br,11.0,False
2888,Fc1cc(F)c(C(F)(F)F)cc1I,2.0,True
2890,CCCCOc1c(OC(C)C)ccc(Br)c1OC,11.0,False
2896,Clc1ncccc1Br,2.0,True
2905,FC(F)(F)c1ccccc1Oc1ccccc1I,1.0,True
2907,COc1ccc(Oc2ccccc2I)cc1F,11.0,False
2913,Oc1ccc2ccccc2c1Cc1ccccc1Br,11.0,False
2915,COc1ccc(COc2c(Cl)cccc2Cl)cc1,2.0,True
2917,Fc1ccc(Br)c(F)c1Cl,2.0,True
2918,COc1c(Cl)cccc1C(C)C,2.0,True
3836,O=[N+]([O-])c1cc(Oc2ccccc2I)ccc1Cl,2.0,True
2920,CC1(C)CC(COc2ccccc2I)CC(F)(F)C1,11.0,False
2921,FC(F)Oc1c(Br)cccc1COc1ccccc1C(F)(F)F,11.0,False
5999,Cc1c(I)cccc1-c1ccccc1,1.0,True
2923,Clc1cccc2cccc(-c3ccccn3)c12,2.0,True
2933,CC(F)COc1ccccc1I,11.0,False
2934,Clc1ccccc1OCCN1CCOCC1,11.0,False
2936,N#Cc1cccc(I)c1OCC(F)(F)F,11.0,False
3999,Clc1cccc(Cl)c1COc1ccccc1I,3.0,True
2945,Fc1cccc2cccc(I)c12,2.0,True
3890,CCOc1cccc(OC)c1Cl,2.0,True
2949,FC(F)(F)Oc1c(Br)cccc1I,1.0,True
2955,FC(F)(F)c1ccc(Cl)c(Br)c1,1.0,True
2958,Cc1c(Oc2ccccc2Cl)ccc(F)c1Cl,11.0,False
2959,FC(F)(F)Oc1c(I)cccc1C(F)(F)F,11.0,False
2966,COc1cc(-c2cccc3ccccc23)ccc1I,11.0,False
2969,Cc1ccc(C(C)(C)C)c(Oc2ccccc2Cl)c1C,11.0,False
2970,FC(F)(F)CCc1cccc(Oc2ccccc2I)c1,11.0,False
2973,Cc1cccc(Br)c1Oc1ccc(OC(F)(F)F)cc1,2.0,True
2977,CC(C)Oc1c(Br)ccc(F)c1C#N,11.0,False
2978,COc1c(I)ccc2ccccc12,2.0,True
3741,CCOc1cc(N)ccc1Br,2.0,True
2984,COc1c(I)ccc(C(F)(F)F)c1OC,11.0,False
2993,Cc1cccc(Cl)c1OC(C)(C)C,11.0,False
5366,Brc1cccc2[nH]nc(Br)c12,2.0,True
3004,Nc1ccc(I)c(F)c1,2.0,True
3011,CCC(CC)Oc1ccccc1Br,11.0,False
3014,Clc1ccccc1Oc1ccc2ccccc2c1,11.0,False
3017,Cc1cccc(C(C)(C)C)c1Oc1ccccc1I,11.0,False
3018,COc1cccc(I)c1OCc1ccccc1OCC(F)(F)F,11.0,False
3019,Ic1ccccc1OC1CCCC1,3.0,True
3029,CCC(=O)c1cccc(C(C)C)c1Oc1ccccc1Br,11.0,False
3030,Fc1ccc(COc2ccccc2)c(Cl)c1,11.0,False
3035,Oc1ccc(Oc2ccc(Cl)cc2)c(Br)c1,11.0,False
4608,Clc1cccc(Cl)c1I,2.0,True
3040,CCc1cccc(Oc2ccccc2I)c1,11.0,False
3809,Fc1cc(C(F)(F)F)ccc1CCOc1ccccc1I,3.0,True
3045,Oc1cccc(Br)c1Cl,1.0,True
3627,Clc1ccc(Cl)c(COc2ccccc2I)c1,3.0,True
3049,Fc1cccc(F)c1I,2.0,True
3052,CCCCOc1ccccc1CCCOc1ccccc1I,11.0,False
3053,Fc1ccc(Cl)c(F)c1OC(F)(F)F,2.0,True
3064,CCC(F)(F)COc1cccc(Oc2ccccc2I)c1,11.0,False
3070,CCOc1cccc(-c2ccccc2Br)c1C,11.0,False
3073,FCCOc1ccc(I)c(OCc2ccccc2)c1Cl,11.0,False
3077,CC(C)(C)c1cc(Oc2ccccc2Br)ncc1Cl,11.0,False
3085,OCCCOc1ccccc1Cl,11.0,False
3743,Brc1ccc(Br)c2ccccc12,2.0,True
3674,CCOc1c(I)ccc(OC)c1OC,5.0,True
3101,Cc1ccc(Br)c(OC(C)C)c1C,3.0,True
3675,FC(F)Oc1c(Cl)cccc1Cl,3.0,True
5645,COc1cccc(I)c1OCCO,3.0,True
3108,Cc1ccc(Cl)c(OCC(F)(F)F)c1C,11.0,False
3119,COc1ccc(Br)cc1Br,2.0,True
3991,Brc1cccc(-c2cccnc2)c1,0.0,True
3121,Clc1cccc2c(Cl)cccc12,2.0,True
3123,CCOc1c(Oc2ccccc2I)cccc1C(F)(F)F,11.0,False
3130,CCOc1cccc(Cl)c1OCc1cc(Cl)cc(Cl)c1,11.0,False
3133,FC(F)Oc1cccc(Cl)c1OCC1CCC1,11.0,False
3142,FC(F)(F)COc1ccc(C(F)(F)F)cc1I,11.0,False
4304,CCOc1c(I)ccc2ccccc12,5.0,True
4055,Cc1ccc(Cl)cc1Oc1ccccc1Br,5.0,True
3146,FC(F)Oc1cccc(Br)c1Cl,1.0,True
3151,Nc1cccc2c(Cl)cccc12,2.0,True
3152,COc1ccc(OCc2ccccc2C#N)cc1Oc1ccccc1Br,11.0,False
5197,CCOc1ccc(Cl)c(Cl)c1,1.0,True
3159,COc1ccc(OC)c(Oc2ccccc2Cl)c1,11.0,False
3162,Clc1cccc(CCCOc2ccccc2I)c1Cl,11.0,False
4091,Oc1cccnc1Cl,1.0,True
3183,CC(C)(Oc1ccccc1Cl)c1ccccc1C(F)(F)F,11.0,False
3191,Ic1cccc2c1Oc1ccccc1O2,11.0,False
3195,Brc1ccccc1OCCC1CCCC1,11.0,False
4650,Clc1ccc(Br)c(Cl)c1Cl,0.0,True
5611,FC(F)Sc1ccccc1Cl,1.0,True
6110,Fc1ccc(Oc2ccccc2Br)c(Cl)c1,1.0,True
3218,CC(C)(C)c1cc(F)c(F)cc1Br,2.0,True
3219,Clc1cccc(Cl)c1OCC1CC1,1.0,True
3222,Fc1cc(Oc2ccccc2Br)ccc1Cl,11.0,False
4007,Cc1cccc(C)c1-c1cccc(I)c1C,2.0,True
3954,Oc1c(Cl)cc(Cl)cc1Cl,1.0,True
3230,CC(C)Oc1ccc(Oc2ccccc2I)cc1,11.0,False
3231,FC(F)(F)Oc1ccc(COc2ccccc2I)cc1,11.0,False
3712,Oc1cc(OC(F)(F)F)ccc1Br,2.0,True
4671,COc1cc(C)c(C)cc1Cl,2.0,True
3242,Oc1cccc(Cl)c1OC(F)F,4.0,True
3254,FC(F)(F)COc1cccc2c(Br)ccnc12,11.0,False
3256,Oc1cc(Oc2ccccc2I)cc(C(F)(F)F)c1,11.0,False
3258,Clc1ccccc1Oc1ccccc1OCCCCc1ccccc1,11.0,False
4063,COc1ccc(Oc2ccccc2)c(Br)c1,4.0,True
3599,COc1c(I)cccc1C#N,2.0,True
3265,CCCOc1ccc(OCC)cc1Oc1ccccc1Cl,11.0,False
3270,COc1cccc(Br)c1Oc1ccccc1Br,11.0,False
3272,COc1cccc(OC(F)F)c1Oc1ccccc1Cl,11.0,False
5413,CC(C)Oc1ccccc1Br,0.0,True
3285,CC(C)(C)Oc1c(Cl)cccc1Br,3.0,True
4616,Fc1cc(I)c2ccccc2c1Cl,2.0,True
3645,Nc1c(O)cccc1Br,1.0,True
3311,COc1ccccc1Nc1ccncc1Br,11.0,False
3315,CCOc1ccc(Cl)c(OCC)c1,11.0,False
3316,CCc1cccc(I)c1OC(C)C,2.0,True
4826,CCCc1cccc(Br)c1OC,1.0,True
3326,CCOc1ccccc1-c1ccccc1Cl,11.0,False
3327,CCOc1c(C)ccc(I)c1OCC,11.0,False
5679,Clc1ccccc1Oc1ccccc1Br,1.0,True
5255,FC(F)Oc1cc(Cl)c2cnccc2c1,4.0,True
3335,FC(F)(F)c1cccc(COc2ccccc2Cl)c1,11.0,False
3995,COc1cccc(I)c1OCCCF,4.0,True
3347,C[N+](C)(Cc1cccc(C(F)(F)F)c1)c1ccc(Br)c(OC(F)(F)F)c1,11.0,False
5410,Clc1c(Br)cccc1Br,0.0,True
4108,FC(F)(F)c1ccccc1Oc1ccc(Cl)cc1Br,2.0,True
4729,COc1cccc2c(Cl)cccc12,2.0,True
3374,COc1cc(Oc2ccccc2I)c(OC)cc1F,11.0,False
3887,Clc1ccncc1Br,1.0,True
3384,COc1ccccc1Oc1cccc(Cl)c1Cl,2.0,True
3386,Fc1cc(C(F)(F)F)c(C(F)F)cc1Oc1ccccc1Cl,11.0,False
4620,Clc1ccc(Oc2cccc(Cl)c2Cl)c(Cl)c1,3.0,True
3392,Cc1ccc(F)cc1Oc1ccccc1I,11.0,False
3403,FC(F)COc1c(Cl)ccc2ccccc12,11.0,False
3407,CCOc1ccc(I)c(F)c1,11.0,False
3408,O=[N+]([O-])c1ccc(Oc2ccccc2Cl)cc1,2.0,True
4250,Clc1c(I)cccc1Oc1ccccc1,1.0,True
3418,CC(C)(O)CCOc1ccccc1I,11.0,False
3426,N#Cc1ccc(F)c(Oc2ccccc2Cl)c1,11.0,False
3428,COc1c(C)ccc(I)c1OC,2.0,True
3438,COc1cccc(F)c1Oc1ccccc1I,11.0,False
3443,FC(F)(F)c1cc(Oc2ccccc2I)cc(C(F)(F)F)c1,11.0,False
3447,COc1cc([N+](=O)[O-])ccc1I,1.0,True
3449,Cc1ccc2cccc(Cl)c2c1,2.0,True
3454,Cc1ccc(Br)c(C(F)(F)F)c1,1.0,True
5365,FCCOc1c(Cl)ccc2ccccc12,2.0,True
4092,Clc1ccc(OCc2ccccc2)c(I)c1,1.0,True
4300,FC(F)(F)c1ccc(Br)cc1Br,1.0,True
3502,FC(F)(F)c1cc(Cl)ccc1COc1ccccc1Cl,11.0,False
3504,CN(C)c1cccc(-c2cc(F)c(Oc3cccc(I)c3F)cc2F)c1,11.0,False
3511,COc1cccc(Br)c1OCc1ccsc1,11.0,False
3514,COc1cc(C(F)(F)F)ccc1Br,2.0,True
3715,COc1cc(O)ccc1Cl,0.0,True
3532,O=[N+]([O-])c1ccccc1Oc1ccccc1I,11.0,False
3539,Clc1cc(I)c2ccccc2c1,2.0,True
3542,CC(C)(C)c1ccc(Oc2ccccc2Br)cc1,5.0,True
3557,COc1c(Cl)ccc(Cl)c1F,2.0,True
3561,CCc1ccc(Oc2ccccc2Br)cc1C(F)(F)F,11.0,False
3566,CC(C)Oc1cccc(Oc2ccccc2I)c1,11.0,False
3568,COc1ccc2cccc(I)c2n1,2.0,True
3571,Ic1ccccc1Oc1cc2ccccc2c2ccccc12,11.0,False
3579,CC(C)(c1ccccc1Oc1ccccc1I)C(F)(F)F,11.0,False
3585,FCOc1ccccc1COc1ccccc1I,11.0,False
4680,COc1cccc(I)c1O,1.0,True
3607,CC(=O)c1ccccc1Br,1.0,True
3615,CC(Oc1ccccc1Br)C(F)(F)F,11.0,False
3617,CCOc1ccc2c(Cl)ccc(OC)c2c1,11.0,False
3622,COc1cccc(OC(F)F)c1-c1ccccc1I,11.0,False
3629,Clc1cccc(I)c1OCc1ccccc1,2.0,True
3635,Cc1cccc(COc2cc(Br)ccc2Br)c1,11.0,False
3648,FCC(F)(F)COc1ccccc1Cl,11.0,False
3649,FC(F)COc1cccc(Br)c1Cl,11.0,False
3656,Clc1ccc2cccc(Oc3ccccc3Cl)c2c1,11.0,False
3668,CC(C)(C)c1ccc2c(Br)cccc2c1,11.0,False
3670,FC(F)(F)Oc1ccccc1OCc1ccccc1I,11.0,False
3671,Oc1cc(Oc2ccccc2I)ccc1F,11.0,False
4330,Nc1c(Cl)cc(Cl)cc1Cl,1.0,True
3692,CC(C)c1cccc(C(C)(C)C)c1Oc1ccccc1Cl,11.0,False
3694,Clc1ccc(CCOc2ccccc2Br)cc1Cl,11.0,False
3700,CC1(Oc2ccccc2I)CCCC1,11.0,False
5368,COc1c(Cl)ccc(F)c1C(F)(F)F,2.0,True
3702,Fc1ccc(Cl)c(Cl)c1Oc1ccccc1Cl,11.0,False
3728,COc1c(Cl)cccc1OC(F)(F)F,1.0,True
4708,Cc1ccccc1-c1ccccc1Br,2.0,True
3739,Clc1ccc(Oc2ccccc2Cl)c(Cl)c1,5.0,True
3745,FC(F)Oc1ccc(Oc2ccccc2Br)cc1OCCc1ccccc1C(F)(F)F,11.0,False
3751,Brc1ccccc1-c1cccc2ccccc12,11.0,False
4214,Brc1ccnc2ccccc12,2.0,True
3770,FC(F)(F)C1(Oc2ccccc2Cl)CCCC1,11.0,False
4573,CC(C)c1c(O)cccc1Cl,2.0,True
5893,COc1c(Cl)ccc2ccc(Cl)cc12,2.0,True
3780,CC(C)(C)c1cccc(C(C)(C)C)c1S(=O)(=O)Oc1ccccc1Br,11.0,False
3782,Cn1ccc(COc2ccccc2I)n1,11.0,False
3783,Cc1ccc(Oc2ccccc2Br)cc1Cl,11.0,False
3786,COc1ccccc1COCCOc1ccccc1Br,11.0,False
3793,COc1ccccc1-c1ccccc1Br,11.0,False
3794,FC(F)(F)COc1ccccc1COc1ccccc1Cl,11.0,False
3802,Brc1ccccc1OCCCCc1ccccc1,11.0,False
3804,Ic1ccccn1,1.0,True
3805,Fc1ccc(COc2ccccc2I)cc1C(F)(F)F,11.0,False
3811,Clc1cccc(C=CCOc2ccccc2Br)c1,11.0,False
3816,FC(F)(F)c1cc(Cl)ccc1Br,1.0,True
4505,COc1cc2c(Cl)cccc2c(O)c1O,7.0,True
3832,CC(C)CCCOc1ccccc1I,11.0,False
3847,CCCOc1ccc2c(Cl)cccc2c1,11.0,False
3852,CCOc1ccc(Cl)c(OC)c1,2.0,True
3873,FCC1(Oc2c(Oc3ccccc3I)cccc2OC(F)(F)F)CCCCC1,11.0,False
3880,CCOc1cccc(I)c1OCC1CCC(C)(C)CC1,11.0,False
3892,COc1ccccc1OCCCCOc1ccccc1Cl,11.0,False
3894,O=[N+]([O-])c1cccc(Cl)c1OCc1ccccc1,11.0,False
4812,Cc1ccc(Oc2ccccc2Br)c(F)c1,1.0,True
6043,COc1cc(N)ccc1Cl,1.0,True
3928,COc1c(I)cccc1OCC(F)(F)F,11.0,False
3930,CCCC1(COc2ccccc2Cl)CCCCC1,11.0,False
3933,CC(C)(C)c1ccc(F)cc1Oc1ccccc1Cl,11.0,False
3936,FC(F)(F)c1cccc(Cl)c1Br,1.0,True
3941,Ic1ccccc1OCCCN1CCCCC1,11.0,False
3944,CC(C)(C)Oc1cccc(Br)c1Cl,11.0,False
3949,Ic1ccccc1OCCCCCc1ccccc1,11.0,False
4530,Fc1ccc(Br)c(Br)c1Cl,1.0,True
3966,Clc1ccccc1-c1ccncc1,2.0,True
3985,FC(F)Oc1ccc(Cl)c(COc2ccccc2Br)c1Cl,11.0,False
4020,Cc1ccc(Oc2ccccc2Br)cc1C,11.0,False
5433,CC(C)Oc1cccc(I)c1F,2.0,True
4050,COc1c(Br)cccc1-c1ccccc1,11.0,False
4054,Fc1ccc(C(F)(F)F)cc1Oc1ccccc1Br,11.0,False
4062,COc1cccc(I)c1OCC(F)(F)F,11.0,False
4066,Clc1cc(Cl)c(Cl)c(COc2ccccc2I)c1,11.0,False
4076,FC(F)(F)c1cc(COc2ccccc2I)ccc1Cl,11.0,False
4077,COc1cc(C)c(COc2ccccc2I)c(C)c1,11.0,False
4079,CCCCOc1c(C)cccc1I,11.0,False
5291,Fc1c(Br)cccc1C(F)(F)F,2.0,True
4085,CC(C)(C)c1ccccc1Oc1cc(C(F)(F)F)ccc1Cl,11.0,False
4086,Brc1ccccc1OCc1ccsc1,11.0,False
4087,Fc1cc(Cl)cc(Oc2ccccc2Cl)c1,2.0,True
4111,O=[N+]([O-])c1cccc(I)c1Oc1ccccc1C(F)(F)F,11.0,False
4128,FC(F)(F)c1ccc(Cl)c(CCOc2ccccc2Br)c1,11.0,False
4141,Brc1ccccc1-c1cccnc1,11.0,False
4150,CCCOc1c(Oc2ccccc2Cl)cc(Cl)cc1C(C)(C)C,11.0,False
4172,CC(C)(C)COc1cccc(Cl)c1OC(F)F,11.0,False
4195,Clc1ccc(-c2ccccc2Cl)cn1,11.0,False
4207,FC(F)(F)c1cccc(I)c1Br,1.0,True
4217,Clc1cc(-c2ccccc2)cc2ccccc12,2.0,True
4923,Nc1ccc(Cl)cc1I,1.0,True
5586,N#CCCCOc1ccccc1I,2.0,True
4264,CCC(C)c1ccccc1I,2.0,True
4265,FC(F)(F)Oc1cccc(Oc2ccccc2I)c1,11.0,False
4266,CCCc1c(N)cccc1Cl,11.0,False
4269,COc1cccc(Br)c1Oc1ccccc1C(C)(C)C,3.0,True
4276,Clc1cccc(Cl)c1OCc1cccnc1,11.0,False
4284,Clc1ccccc1CCOc1c(Cl)cccc1Br,11.0,False
4298,COc1ccncc1Oc1ccccc1Cl,11.0,False
4299,Clc1ccccc1OCCc1c(Cl)cccc1Cl,2.0,True
5730,Fc1ccc(Oc2ccccc2C(F)(F)F)c(Br)c1,1.0,True
4329,Fc1ccc(Oc2ccccc2Br)c(F)c1F,11.0,False
4334,Brc1ccccc1OCCC1CC1,11.0,False
4356,FC(F)(F)C(F)(F)c1cccc(Oc2ccccc2Cl)c1,11.0,False
4377,Cc1cc(O)c(C)c(Br)c1,0.0,True
4402,Cc1ccccc1Oc1cc(C(F)(F)F)ccc1Br,6.0,True
4405,Ic1cccc2ccc(Oc3ccccc3)cc12,11.0,False
4406,Cc1cc(-c2ccc(Br)c3ccccc23)on1,11.0,False
4429,COc1cccc(I)c1OC(F)(F)C(F)F,11.0,False
5783,FC(F)(F)c1ccc(C(F)(F)F)c(Br)c1,2.0,True
5416,Nc1ccc(F)c(I)c1,1.0,True
4445,C=CCOc1ccccc1Cl,11.0,False
4458,COc1ccc(Cl)c(I)c1,1.0,True
4479,Fc1c(I)cccc1OC(F)(F)F,2.0,True
4506,Clc1ccccc1Oc1c(Cl)cccc1I,11.0,False
4753,CCOc1cccc(Br)c1C,2.0,True
4527,FC(F)Oc1cccnc1Br,11.0,False
4544,CCCOc1c(Cl)cccc1I,11.0,False
4547,CCCOc1ccc(OC(F)F)cc1Oc1ccccc1I,11.0,False
4574,Brc1ccccc1OCCCc1cccnc1,11.0,False
4581,Fc1ccc(COc2ccccc2Cl)cc1F,11.0,False
4975,O=S(=O)(Oc1cccc(Cl)c1C(F)(F)F)C(F)(F)F,2.0,True
4615,FC(F)(F)c1cccnc1COc1ccccc1I,11.0,False
4631,Cc1c(Cl)cccc1OCc1ccccc1,2.0,True
4635,COc1cccc(OC)c1Oc1ccccc1Cl,5.0,True
4664,CCOc1c(Br)cc2ccccc2c1C,2.0,True
4668,FC(F)CCOc1ccccc1I,11.0,False
4691,CCCCOc1cc(Cl)ccc1Oc1ccccc1Cl,11.0,False
4705,CC(C)(C)c1cccc(Cl)c1O,11.0,False
4707,COc1ccc(Cl)c([O-])c1,11.0,False
5934,Oc1c(Cl)cccc1Cl,2.0,True
4768,Oc1ccc(Br)c(F)c1F,1.0,True
5015,CCOc1cccc(I)c1,1.0,True
4792,O=c1ccc2cccc(Cl)c2s1,11.0,False
4805,Clc1ccccc1Oc1cccc(OCc2cc[nH]n2)c1,11.0,False
4843,FC(F)(F)CCCOc1ccc2c(I)cccc2c1,11.0,False
4856,FC(F)Oc1c(Cl)cccc1OC(Cl)Cl,11.0,False
4857,FC(F)(F)c1cc(COc2ccccc2C(F)(F)F)ccc1I,11.0,False
4866,Ic1ccccc1Oc1ccncn1,2.0,True
4878,CCCOc1c(Br)ccc(F)c1Cl,2.0,True
4881,Fc1cccc(Br)c1OC(F)(F)F,1.0,True
4885,COc1ccnnc1Oc1ccccc1Br,11.0,False
5487,CCc1cccc(Cl)c1OC,1.0,True
4983,FC(F)(F)COc1ccc(Br)c(OC(F)(F)F)c1Cl,11.0,False
5035,Cc1ccc(Oc2ccccc2I)c(C)c1,5.0,True
5038,Fc1cc(Oc2ccccc2I)cc(Br)c1C(F)(F)F,11.0,False
5051,Brc1ccccc1OCCc1ccccc1,11.0,False
5062,CCCOc1c(Cl)cccc1CCC,11.0,False
5408,FC(F)(F)c1c(Oc2ccccc2Cl)ccc(Cl)c1Cl,4.0,True
5109,Brc1ccccc1OCCN1CCCCC1,11.0,False
5139,CCCOc1ccc(OCC)c(-c2ccccc2Br)c1,11.0,False
5146,FC(F)(F)c1c(Cl)cc(Cl)cc1Br,1.0,True
6169,Cc1ccccc1Oc1ccccc1Cl,3.0,True
5208,Brc1ccc(OCCc2ccccc2)c(I)c1,11.0,False
5212,Fc1c(Br)ccc(Cl)c1Cl,2.0,True
5437,COc1cc(C#N)ccc1I,2.0,True
5243,COc1cc(OC)c(OC)cc1Cl,11.0,False
5279,Clc1cc(Cl)c(Oc2ccccc2Cl)cc1Cl,7.0,True
5288,CCOc1c(Cl)cccc1-c1ccccc1OC(C)C,11.0,False
5297,Fc1ccc(Nc2ccccc2)c(Oc2ccccc2Br)c1,11.0,False
5419,FC(F)(F)c1cccc(I)c1OCc1ccccc1,2.0,True
5351,CCCCOc1c(OC)ccc(Br)c1OC,11.0,False
5359,CC(F)(F)c1cccc(I)c1OC(F)(F)F,11.0,False
5521,Cc1c(I)cccc1Oc1ccccc1,1.0,True
5402,COc1cccc(Br)c1Oc1cccc(C)c1C,3.0,True
5612,Cc1ccc(Oc2ccccc2Cl)cc1,1.0,True
5446,Cc1cc(I)c2ccccc2c1,2.0,True
5546,CCc1ccc(COc2ccccc2Cl)cc1,2.0,True
5595,FC(F)(F)CCCOc1cccc(Br)c1C(F)(F)F,11.0,False
5826,Cc1cc(F)c(Oc2ccccc2C(C)(C)C)c(Cl)c1,8.0,True
6207,Oc1cc(I)c(Cl)cc1Cl,2.0,True
